from_id,relationship_type,to_id,established_by,rating_required
ASPICE_PAM_4.1,DEFINES,Primary,null,null
ASPICE_PAM_4.1,DEFINES,Supporting,null,null
ASPICE_PAM_4.1,DEFINES,Organizational,null,null
ASPICE_PAM_4.1,DEFINES,ACQ,null,null
ASPICE_PAM_4.1,DEFINES,SPL,null,null
ASPICE_PAM_4.1,DEFINES,SYS,null,null
ASPICE_PAM_4.1,DEFINES,VAL,null,null
ASPICE_PAM_4.1,DEFINES,SWE,null,null
ASPICE_PAM_4.1,DEFINES,MLE,null,null
ASPICE_PAM_4.1,DEFINES,HWE,null,null
ASPICE_PAM_4.1,DEFINES,SUP,null,null
ASPICE_PAM_4.1,DEFINES,MAN,null,null
ASPICE_PAM_4.1,DEFINES,PIM,null,null
ASPICE_PAM_4.1,DEFINES,REU,null,null
CS_PAM_2.0,SUPPLEMENTS,ASPICE_PAM_4.1,null,null
CS_PAM_2.0,DEFINES,SEC,null,null
CS_PAM_2.0,EXTENDS_PROCESS_GROUP,ACQ,null,null
CS_PAM_2.0,EXTENDS_PROCESS_GROUP,MAN,null,null
ACQ,PART_OF,Primary,null,null
SPL,PART_OF,Primary,null,null
SYS,PART_OF,Primary,null,null
VAL,PART_OF,Primary,null,null
SWE,PART_OF,Primary,null,null
MLE,PART_OF,Primary,null,null
HWE,PART_OF,Primary,null,null
SUP,PART_OF,Supporting,null,null
MAN,PART_OF,Organizational,null,null
PIM,PART_OF,Organizational,null,null
REU,PART_OF,Organizational,null,null
SEC,PART_OF,Primary,null,null
ACQ.4,HAS_BASE_PRACTICE,ACQ.4.BP1,null,null
ACQ.4,HAS_BASE_PRACTICE,ACQ.4.BP2,null,null
ACQ.4,HAS_BASE_PRACTICE,ACQ.4.BP3,null,null
ACQ.4,HAS_BASE_PRACTICE,ACQ.4.BP4,null,null
ACQ.4,HAS_BASE_PRACTICE,ACQ.4.BP5,null,null
ACQ.4,BELONGS_TO,ACQ,null,null
ACQ.4,HAS_OUTCOME,ACQ.4.OUT.1,null,null
ACQ.4,HAS_OUTCOME,ACQ.4.OUT.2,null,null
ACQ.4,HAS_OUTCOME,ACQ.4.OUT.3,null,null
ACQ.4,HAS_OUTCOME,ACQ.4.OUT.4,null,null
ACQ.2,HAS_BASE_PRACTICE,ACQ.2.BP1,null,null
ACQ.2,HAS_BASE_PRACTICE,ACQ.2.BP2,null,null
ACQ.2,HAS_BASE_PRACTICE,ACQ.2.BP3,null,null
ACQ.2,HAS_BASE_PRACTICE,ACQ.2.BP4,null,null
ACQ.2,BELONGS_TO,ACQ,null,null
ACQ.2,HAS_OUTCOME,ACQ.2.OUT.1,null,null
ACQ.2,HAS_OUTCOME,ACQ.2.OUT.2,null,null
ACQ.2,HAS_OUTCOME,ACQ.2.OUT.3,null,null
ACQ.2,HAS_OUTCOME,ACQ.2.OUT.4,null,null
SPL.2,HAS_BASE_PRACTICE,SPL.2.BP1,null,null
SPL.2,HAS_BASE_PRACTICE,SPL.2.BP2,null,null
SPL.2,HAS_BASE_PRACTICE,SPL.2.BP3,null,null
SPL.2,HAS_BASE_PRACTICE,SPL.2.BP4,null,null
SPL.2,HAS_BASE_PRACTICE,SPL.2.BP5,null,null
SPL.2,HAS_BASE_PRACTICE,SPL.2.BP6,null,null
SPL.2,HAS_BASE_PRACTICE,SPL.2.BP7,null,null
SPL.2,HAS_BASE_PRACTICE,SPL.2.BP8,null,null
SPL.2,BELONGS_TO,SPL,null,null
SPL.2,HAS_OUTCOME,SPL.2.OUT.1,null,null
SPL.2,HAS_OUTCOME,SPL.2.OUT.2,null,null
SPL.2,HAS_OUTCOME,SPL.2.OUT.3,null,null
SPL.2,HAS_OUTCOME,SPL.2.OUT.4,null,null
SPL.2,HAS_OUTCOME,SPL.2.OUT.5,null,null
SYS.1,HAS_BASE_PRACTICE,SYS.1.BP1,null,null
SYS.1,HAS_BASE_PRACTICE,SYS.1.BP2,null,null
SYS.1,HAS_BASE_PRACTICE,SYS.1.BP3,null,null
SYS.1,HAS_BASE_PRACTICE,SYS.1.BP4,null,null
SYS.1,BELONGS_TO,SYS,null,null
SYS.1,HAS_OUTCOME,SYS.1.OUT.1,null,null
SYS.1,HAS_OUTCOME,SYS.1.OUT.2,null,null
SYS.1,HAS_OUTCOME,SYS.1.OUT.3,null,null
SYS.1,HAS_OUTCOME,SYS.1.OUT.4,null,null
SYS.1,HAS_OUTCOME,SYS.1.OUT.5,null,null
SYS.2,HAS_BASE_PRACTICE,SYS.2.BP1,null,null
SYS.2,HAS_BASE_PRACTICE,SYS.2.BP2,null,null
SYS.2,HAS_BASE_PRACTICE,SYS.2.BP3,null,null
SYS.2,HAS_BASE_PRACTICE,SYS.2.BP4,null,null
SYS.2,HAS_BASE_PRACTICE,SYS.2.BP5,null,null
SYS.2,HAS_BASE_PRACTICE,SYS.2.BP6,null,null
SYS.2,BELONGS_TO,SYS,null,null
SYS.2,HAS_OUTCOME,SYS.2.OUT.1,null,null
SYS.2,HAS_OUTCOME,SYS.2.OUT.2,null,null
SYS.2,HAS_OUTCOME,SYS.2.OUT.3,null,null
SYS.2,HAS_OUTCOME,SYS.2.OUT.4,null,null
SYS.2,HAS_OUTCOME,SYS.2.OUT.5,null,null
SYS.2,HAS_OUTCOME,SYS.2.OUT.6,null,null
SYS.3,HAS_BASE_PRACTICE,SYS.3.BP1,null,null
SYS.3,HAS_BASE_PRACTICE,SYS.3.BP2,null,null
SYS.3,HAS_BASE_PRACTICE,SYS.3.BP3,null,null
SYS.3,HAS_BASE_PRACTICE,SYS.3.BP4,null,null
SYS.3,HAS_BASE_PRACTICE,SYS.3.BP5,null,null
SYS.3,BELONGS_TO,SYS,null,null
SYS.3,HAS_OUTCOME,SYS.3.OUT.1,null,null
SYS.3,HAS_OUTCOME,SYS.3.OUT.2,null,null
SYS.3,HAS_OUTCOME,SYS.3.OUT.3,null,null
SYS.3,HAS_OUTCOME,SYS.3.OUT.4,null,null
SYS.4,HAS_BASE_PRACTICE,SYS.4.BP1,null,null
SYS.4,HAS_BASE_PRACTICE,SYS.4.BP2,null,null
SYS.4,HAS_BASE_PRACTICE,SYS.4.BP3,null,null
SYS.4,HAS_BASE_PRACTICE,SYS.4.BP4,null,null
SYS.4,HAS_BASE_PRACTICE,SYS.4.BP5,null,null
SYS.4,BELONGS_TO,SYS,null,null
SYS.4,HAS_OUTCOME,SYS.4.OUT.1,null,null
SYS.4,HAS_OUTCOME,SYS.4.OUT.2,null,null
SYS.4,HAS_OUTCOME,SYS.4.OUT.3,null,null
SYS.4,HAS_OUTCOME,SYS.4.OUT.4,null,null
SYS.4,HAS_OUTCOME,SYS.4.OUT.5,null,null
SYS.4,HAS_OUTCOME,SYS.4.OUT.6,null,null
SYS.4,HAS_OUTCOME,SYS.4.OUT.7,null,null
SYS.5,HAS_BASE_PRACTICE,SYS.5.BP1,null,null
SYS.5,HAS_BASE_PRACTICE,SYS.5.BP2,null,null
SYS.5,HAS_BASE_PRACTICE,SYS.5.BP3,null,null
SYS.5,HAS_BASE_PRACTICE,SYS.5.BP4,null,null
SYS.5,HAS_BASE_PRACTICE,SYS.5.BP5,null,null
SYS.5,BELONGS_TO,SYS,null,null
SYS.5,HAS_OUTCOME,SYS.5.OUT.1,null,null
SYS.5,HAS_OUTCOME,SYS.5.OUT.2,null,null
SYS.5,HAS_OUTCOME,SYS.5.OUT.3,null,null
SYS.5,HAS_OUTCOME,SYS.5.OUT.4,null,null
SYS.5,HAS_OUTCOME,SYS.5.OUT.5,null,null
SYS.5,HAS_OUTCOME,SYS.5.OUT.6,null,null
VAL.1,HAS_BASE_PRACTICE,VAL.1.BP1,null,null
VAL.1,HAS_BASE_PRACTICE,VAL.1.BP2,null,null
VAL.1,HAS_BASE_PRACTICE,VAL.1.BP3,null,null
VAL.1,HAS_BASE_PRACTICE,VAL.1.BP4,null,null
VAL.1,HAS_BASE_PRACTICE,VAL.1.BP5,null,null
VAL.1,BELONGS_TO,VAL,null,null
VAL.1,HAS_OUTCOME,VAL.1.OUT.1,null,null
VAL.1,HAS_OUTCOME,VAL.1.OUT.2,null,null
VAL.1,HAS_OUTCOME,VAL.1.OUT.3,null,null
VAL.1,HAS_OUTCOME,VAL.1.OUT.4,null,null
SWE.1,HAS_BASE_PRACTICE,SWE.1.BP1,null,null
SWE.1,HAS_BASE_PRACTICE,SWE.1.BP2,null,null
SWE.1,HAS_BASE_PRACTICE,SWE.1.BP3,null,null
SWE.1,HAS_BASE_PRACTICE,SWE.1.BP4,null,null
SWE.1,HAS_BASE_PRACTICE,SWE.1.BP5,null,null
SWE.1,HAS_BASE_PRACTICE,SWE.1.BP6,null,null
SWE.1,BELONGS_TO,SWE,null,null
SWE.1,HAS_OUTCOME,SWE.1.OUT.1,null,null
SWE.1,HAS_OUTCOME,SWE.1.OUT.2,null,null
SWE.1,HAS_OUTCOME,SWE.1.OUT.3,null,null
SWE.1,HAS_OUTCOME,SWE.1.OUT.4,null,null
SWE.1,HAS_OUTCOME,SWE.1.OUT.5,null,null
SWE.1,HAS_OUTCOME,SWE.1.OUT.6,null,null
SWE.1,HAS_OUTCOME,SWE.1.OUT.7,null,null
SWE.2,HAS_BASE_PRACTICE,SWE.2.BP1,null,null
SWE.2,HAS_BASE_PRACTICE,SWE.2.BP2,null,null
SWE.2,HAS_BASE_PRACTICE,SWE.2.BP3,null,null
SWE.2,HAS_BASE_PRACTICE,SWE.2.BP4,null,null
SWE.2,HAS_BASE_PRACTICE,SWE.2.BP5,null,null
SWE.2,BELONGS_TO,SWE,null,null
SWE.2,HAS_OUTCOME,SWE.2.OUT.1,null,null
SWE.2,HAS_OUTCOME,SWE.2.OUT.2,null,null
SWE.2,HAS_OUTCOME,SWE.2.OUT.3,null,null
SWE.2,HAS_OUTCOME,SWE.2.OUT.4,null,null
SWE.3,HAS_BASE_PRACTICE,SWE.3.BP1,null,null
SWE.3,HAS_BASE_PRACTICE,SWE.3.BP2,null,null
SWE.3,HAS_BASE_PRACTICE,SWE.3.BP3,null,null
SWE.3,HAS_BASE_PRACTICE,SWE.3.BP4,null,null
SWE.3,HAS_BASE_PRACTICE,SWE.3.BP5,null,null
SWE.3,BELONGS_TO,SWE,null,null
SWE.3,HAS_OUTCOME,SWE.3.OUT.1,null,null
SWE.3,HAS_OUTCOME,SWE.3.OUT.2,null,null
SWE.3,HAS_OUTCOME,SWE.3.OUT.3,null,null
SWE.3,HAS_OUTCOME,SWE.3.OUT.4,null,null
SWE.3,HAS_OUTCOME,SWE.3.OUT.5,null,null
SWE.3,HAS_OUTCOME,SWE.3.OUT.6,null,null
SWE.4,HAS_BASE_PRACTICE,SWE.4.BP1,null,null
SWE.4,HAS_BASE_PRACTICE,SWE.4.BP2,null,null
SWE.4,HAS_BASE_PRACTICE,SWE.4.BP3,null,null
SWE.4,HAS_BASE_PRACTICE,SWE.4.BP4,null,null
SWE.4,HAS_BASE_PRACTICE,SWE.4.BP5,null,null
SWE.4,BELONGS_TO,SWE,null,null
SWE.4,HAS_OUTCOME,SWE.4.OUT.1,null,null
SWE.4,HAS_OUTCOME,SWE.4.OUT.2,null,null
SWE.4,HAS_OUTCOME,SWE.4.OUT.3,null,null
SWE.4,HAS_OUTCOME,SWE.4.OUT.4,null,null
SWE.4,HAS_OUTCOME,SWE.4.OUT.5,null,null
SWE.4,HAS_OUTCOME,SWE.4.OUT.6,null,null
SWE.5,HAS_BASE_PRACTICE,SWE.5.BP1,null,null
SWE.5,HAS_BASE_PRACTICE,SWE.5.BP2,null,null
SWE.5,HAS_BASE_PRACTICE,SWE.5.BP3,null,null
SWE.5,HAS_BASE_PRACTICE,SWE.5.BP4,null,null
SWE.5,HAS_BASE_PRACTICE,SWE.5.BP5,null,null
SWE.5,HAS_BASE_PRACTICE,SWE.5.BP6,null,null
SWE.5,HAS_BASE_PRACTICE,SWE.5.BP7,null,null
SWE.5,BELONGS_TO,SWE,null,null
SWE.5,HAS_OUTCOME,SWE.5.OUT.1,null,null
SWE.5,HAS_OUTCOME,SWE.5.OUT.2,null,null
SWE.5,HAS_OUTCOME,SWE.5.OUT.3,null,null
SWE.5,HAS_OUTCOME,SWE.5.OUT.4,null,null
SWE.5,HAS_OUTCOME,SWE.5.OUT.5,null,null
SWE.5,HAS_OUTCOME,SWE.5.OUT.6,null,null
SWE.5,HAS_OUTCOME,SWE.5.OUT.7,null,null
SWE.5,HAS_OUTCOME,SWE.5.OUT.8,null,null
SWE.5,HAS_OUTCOME,SWE.5.OUT.9,null,null
SWE.6,HAS_BASE_PRACTICE,SWE.6.BP1,null,null
SWE.6,HAS_BASE_PRACTICE,SWE.6.BP2,null,null
SWE.6,HAS_BASE_PRACTICE,SWE.6.BP3,null,null
SWE.6,HAS_BASE_PRACTICE,SWE.6.BP4,null,null
SWE.6,HAS_BASE_PRACTICE,SWE.6.BP5,null,null
SWE.6,BELONGS_TO,SWE,null,null
SWE.6,HAS_OUTCOME,SWE.6.OUT.1,null,null
SWE.6,HAS_OUTCOME,SWE.6.OUT.2,null,null
SWE.6,HAS_OUTCOME,SWE.6.OUT.3,null,null
SWE.6,HAS_OUTCOME,SWE.6.OUT.4,null,null
SWE.6,HAS_OUTCOME,SWE.6.OUT.5,null,null
SWE.6,HAS_OUTCOME,SWE.6.OUT.6,null,null
MLE.1,HAS_BASE_PRACTICE,MLE.1.BP1,null,null
MLE.1,HAS_BASE_PRACTICE,MLE.1.BP2,null,null
MLE.1,HAS_BASE_PRACTICE,MLE.1.BP3,null,null
MLE.1,HAS_BASE_PRACTICE,MLE.1.BP4,null,null
MLE.1,HAS_BASE_PRACTICE,MLE.1.BP5,null,null
MLE.1,HAS_BASE_PRACTICE,MLE.1.BP6,null,null
MLE.1,BELONGS_TO,MLE,null,null
MLE.1,HAS_OUTCOME,MLE.1.OUT.1,null,null
MLE.1,HAS_OUTCOME,MLE.1.OUT.2,null,null
MLE.1,HAS_OUTCOME,MLE.1.OUT.3,null,null
MLE.1,HAS_OUTCOME,MLE.1.OUT.4,null,null
MLE.1,HAS_OUTCOME,MLE.1.OUT.5,null,null
MLE.1,HAS_OUTCOME,MLE.1.OUT.6,null,null
MLE.2,HAS_BASE_PRACTICE,MLE.2.BP1,null,null
MLE.2,HAS_BASE_PRACTICE,MLE.2.BP2,null,null
MLE.2,HAS_BASE_PRACTICE,MLE.2.BP3,null,null
MLE.2,HAS_BASE_PRACTICE,MLE.2.BP4,null,null
MLE.2,HAS_BASE_PRACTICE,MLE.2.BP5,null,null
MLE.2,HAS_BASE_PRACTICE,MLE.2.BP6,null,null
MLE.2,BELONGS_TO,MLE,null,null
MLE.2,HAS_OUTCOME,MLE.2.OUT.1,null,null
MLE.2,HAS_OUTCOME,MLE.2.OUT.2,null,null
MLE.2,HAS_OUTCOME,MLE.2.OUT.3,null,null
MLE.2,HAS_OUTCOME,MLE.2.OUT.4,null,null
MLE.2,HAS_OUTCOME,MLE.2.OUT.5,null,null
MLE.2,HAS_OUTCOME,MLE.2.OUT.6,null,null
MLE.3,HAS_BASE_PRACTICE,MLE.3.BP1,null,null
MLE.3,HAS_BASE_PRACTICE,MLE.3.BP2,null,null
MLE.3,HAS_BASE_PRACTICE,MLE.3.BP3,null,null
MLE.3,HAS_BASE_PRACTICE,MLE.3.BP4,null,null
MLE.3,HAS_BASE_PRACTICE,MLE.3.BP5,null,null
MLE.3,BELONGS_TO,MLE,null,null
MLE.3,HAS_OUTCOME,MLE.3.OUT.1,null,null
MLE.3,HAS_OUTCOME,MLE.3.OUT.2,null,null
MLE.3,HAS_OUTCOME,MLE.3.OUT.3,null,null
MLE.3,HAS_OUTCOME,MLE.3.OUT.4,null,null
MLE.3,HAS_OUTCOME,MLE.3.OUT.5,null,null
MLE.4,HAS_BASE_PRACTICE,MLE.4.BP1,null,null
MLE.4,HAS_BASE_PRACTICE,MLE.4.BP2,null,null
MLE.4,HAS_BASE_PRACTICE,MLE.4.BP3,null,null
MLE.4,HAS_BASE_PRACTICE,MLE.4.BP4,null,null
MLE.4,HAS_BASE_PRACTICE,MLE.4.BP5,null,null
MLE.4,HAS_BASE_PRACTICE,MLE.4.BP6,null,null
MLE.4,HAS_BASE_PRACTICE,MLE.4.BP7,null,null
MLE.4,BELONGS_TO,MLE,null,null
MLE.4,HAS_OUTCOME,MLE.4.OUT.1,null,null
MLE.4,HAS_OUTCOME,MLE.4.OUT.2,null,null
MLE.4,HAS_OUTCOME,MLE.4.OUT.3,null,null
MLE.4,HAS_OUTCOME,MLE.4.OUT.4,null,null
MLE.4,HAS_OUTCOME,MLE.4.OUT.5,null,null
MLE.4,HAS_OUTCOME,MLE.4.OUT.6,null,null
HWE.1,HAS_BASE_PRACTICE,HWE.1.BP1,null,null
HWE.1,HAS_BASE_PRACTICE,HWE.1.BP2,null,null
HWE.1,HAS_BASE_PRACTICE,HWE.1.BP3,null,null
HWE.1,HAS_BASE_PRACTICE,HWE.1.BP4,null,null
HWE.1,HAS_BASE_PRACTICE,HWE.1.BP5,null,null
HWE.1,HAS_BASE_PRACTICE,HWE.1.BP6,null,null
HWE.1,BELONGS_TO,HWE,null,null
HWE.1,HAS_OUTCOME,HWE.1.OUT.1,null,null
HWE.1,HAS_OUTCOME,HWE.1.OUT.2,null,null
HWE.1,HAS_OUTCOME,HWE.1.OUT.3,null,null
HWE.1,HAS_OUTCOME,HWE.1.OUT.4,null,null
HWE.1,HAS_OUTCOME,HWE.1.OUT.5,null,null
HWE.1,HAS_OUTCOME,HWE.1.OUT.6,null,null
HWE.1,HAS_OUTCOME,HWE.1.OUT.7,null,null
HWE.2,HAS_BASE_PRACTICE,HWE.2.BP1,null,null
HWE.2,HAS_BASE_PRACTICE,HWE.2.BP2,null,null
HWE.2,HAS_BASE_PRACTICE,HWE.2.BP3,null,null
HWE.2,HAS_BASE_PRACTICE,HWE.2.BP4,null,null
HWE.2,HAS_BASE_PRACTICE,HWE.2.BP5,null,null
HWE.2,HAS_BASE_PRACTICE,HWE.2.BP6,null,null
HWE.2,BELONGS_TO,HWE,null,null
HWE.2,HAS_OUTCOME,HWE.2.OUT.1,null,null
HWE.2,HAS_OUTCOME,HWE.2.OUT.2,null,null
HWE.2,HAS_OUTCOME,HWE.2.OUT.3,null,null
HWE.2,HAS_OUTCOME,HWE.2.OUT.4,null,null
HWE.2,HAS_OUTCOME,HWE.2.OUT.5,null,null
HWE.3,HAS_BASE_PRACTICE,HWE.3.BP1,null,null
HWE.3,HAS_BASE_PRACTICE,HWE.3.BP2,null,null
HWE.3,HAS_BASE_PRACTICE,HWE.3.BP3,null,null
HWE.3,HAS_BASE_PRACTICE,HWE.3.BP4,null,null
HWE.3,HAS_BASE_PRACTICE,HWE.3.BP5,null,null
HWE.3,HAS_BASE_PRACTICE,HWE.3.BP6,null,null
HWE.3,BELONGS_TO,HWE,null,null
HWE.3,HAS_OUTCOME,HWE.3.OUT.1,null,null
HWE.3,HAS_OUTCOME,HWE.3.OUT.2,null,null
HWE.3,HAS_OUTCOME,HWE.3.OUT.3,null,null
HWE.3,HAS_OUTCOME,HWE.3.OUT.4,null,null
HWE.3,HAS_OUTCOME,HWE.3.OUT.5,null,null
HWE.3,HAS_OUTCOME,HWE.3.OUT.6,null,null
HWE.4,HAS_BASE_PRACTICE,HWE.4.BP1,null,null
HWE.4,HAS_BASE_PRACTICE,HWE.4.BP2,null,null
HWE.4,HAS_BASE_PRACTICE,HWE.4.BP3,null,null
HWE.4,HAS_BASE_PRACTICE,HWE.4.BP4,null,null
HWE.4,HAS_BASE_PRACTICE,HWE.4.BP5,null,null
HWE.4,HAS_BASE_PRACTICE,HWE.4.BP6,null,null
HWE.4,BELONGS_TO,HWE,null,null
HWE.4,HAS_OUTCOME,HWE.4.OUT.1,null,null
HWE.4,HAS_OUTCOME,HWE.4.OUT.2,null,null
HWE.4,HAS_OUTCOME,HWE.4.OUT.3,null,null
HWE.4,HAS_OUTCOME,HWE.4.OUT.4,null,null
HWE.4,HAS_OUTCOME,HWE.4.OUT.5,null,null
HWE.4,HAS_OUTCOME,HWE.4.OUT.6,null,null
SUP.1,HAS_BASE_PRACTICE,SUP.1.BP1,null,null
SUP.1,HAS_BASE_PRACTICE,SUP.1.BP2,null,null
SUP.1,HAS_BASE_PRACTICE,SUP.1.BP3,null,null
SUP.1,HAS_BASE_PRACTICE,SUP.1.BP4,null,null
SUP.1,HAS_BASE_PRACTICE,SUP.1.BP5,null,null
SUP.1,HAS_BASE_PRACTICE,SUP.1.BP6,null,null
SUP.1,HAS_BASE_PRACTICE,SUP.1.BP7,null,null
SUP.1,BELONGS_TO,SUP,null,null
SUP.1,HAS_OUTCOME,SUP.1.OUT.1,null,null
SUP.1,HAS_OUTCOME,SUP.1.OUT.2,null,null
SUP.1,HAS_OUTCOME,SUP.1.OUT.3,null,null
SUP.1,HAS_OUTCOME,SUP.1.OUT.4,null,null
SUP.1,HAS_OUTCOME,SUP.1.OUT.5,null,null
SUP.1,HAS_OUTCOME,SUP.1.OUT.6,null,null
SUP.8,HAS_BASE_PRACTICE,SUP.8.BP1,null,null
SUP.8,HAS_BASE_PRACTICE,SUP.8.BP2,null,null
SUP.8,HAS_BASE_PRACTICE,SUP.8.BP3,null,null
SUP.8,HAS_BASE_PRACTICE,SUP.8.BP4,null,null
SUP.8,HAS_BASE_PRACTICE,SUP.8.BP5,null,null
SUP.8,HAS_BASE_PRACTICE,SUP.8.BP6,null,null
SUP.8,HAS_BASE_PRACTICE,SUP.8.BP7,null,null
SUP.8,HAS_BASE_PRACTICE,SUP.8.BP8,null,null
SUP.8,BELONGS_TO,SUP,null,null
SUP.8,HAS_OUTCOME,SUP.8.OUT.1,null,null
SUP.8,HAS_OUTCOME,SUP.8.OUT.2,null,null
SUP.8,HAS_OUTCOME,SUP.8.OUT.3,null,null
SUP.8,HAS_OUTCOME,SUP.8.OUT.4,null,null
SUP.8,HAS_OUTCOME,SUP.8.OUT.5,null,null
SUP.8,HAS_OUTCOME,SUP.8.OUT.6,null,null
SUP.8,HAS_OUTCOME,SUP.8.OUT.7,null,null
SUP.8,HAS_OUTCOME,SUP.8.OUT.8,null,null
SUP.9,HAS_BASE_PRACTICE,SUP.9.BP1,null,null
SUP.9,HAS_BASE_PRACTICE,SUP.9.BP2,null,null
SUP.9,HAS_BASE_PRACTICE,SUP.9.BP3,null,null
SUP.9,HAS_BASE_PRACTICE,SUP.9.BP4,null,null
SUP.9,HAS_BASE_PRACTICE,SUP.9.BP5,null,null
SUP.9,HAS_BASE_PRACTICE,SUP.9.BP6,null,null
SUP.9,HAS_BASE_PRACTICE,SUP.9.BP7,null,null
SUP.9,BELONGS_TO,SUP,null,null
SUP.9,HAS_OUTCOME,SUP.9.OUT.1,null,null
SUP.9,HAS_OUTCOME,SUP.9.OUT.2,null,null
SUP.9,HAS_OUTCOME,SUP.9.OUT.3,null,null
SUP.9,HAS_OUTCOME,SUP.9.OUT.4,null,null
SUP.9,HAS_OUTCOME,SUP.9.OUT.5,null,null
SUP.10,HAS_BASE_PRACTICE,SUP.10.BP1,null,null
SUP.10,HAS_BASE_PRACTICE,SUP.10.BP2,null,null
SUP.10,HAS_BASE_PRACTICE,SUP.10.BP3,null,null
SUP.10,HAS_BASE_PRACTICE,SUP.10.BP4,null,null
SUP.10,HAS_BASE_PRACTICE,SUP.10.BP5,null,null
SUP.10,HAS_BASE_PRACTICE,SUP.10.BP6,null,null
SUP.10,BELONGS_TO,SUP,null,null
SUP.10,HAS_OUTCOME,SUP.10.OUT.1,null,null
SUP.10,HAS_OUTCOME,SUP.10.OUT.2,null,null
SUP.10,HAS_OUTCOME,SUP.10.OUT.3,null,null
SUP.10,HAS_OUTCOME,SUP.10.OUT.4,null,null
SUP.10,HAS_OUTCOME,SUP.10.OUT.5,null,null
SUP.10,HAS_OUTCOME,SUP.10.OUT.6,null,null
SUP.11,HAS_BASE_PRACTICE,SUP.11.BP1,null,null
SUP.11,HAS_BASE_PRACTICE,SUP.11.BP2,null,null
SUP.11,HAS_BASE_PRACTICE,SUP.11.BP3,null,null
SUP.11,HAS_BASE_PRACTICE,SUP.11.BP4,null,null
SUP.11,HAS_BASE_PRACTICE,SUP.11.BP5,null,null
SUP.11,HAS_BASE_PRACTICE,SUP.11.BP6,null,null
SUP.11,BELONGS_TO,SUP,null,null
SUP.11,HAS_OUTCOME,SUP.11.OUT.1,null,null
SUP.11,HAS_OUTCOME,SUP.11.OUT.2,null,null
SUP.11,HAS_OUTCOME,SUP.11.OUT.3,null,null
SUP.11,HAS_OUTCOME,SUP.11.OUT.4,null,null
SUP.11,HAS_OUTCOME,SUP.11.OUT.5,null,null
MAN.3,HAS_BASE_PRACTICE,MAN.3.BP1,null,null
MAN.3,HAS_BASE_PRACTICE,MAN.3.BP2,null,null
MAN.3,HAS_BASE_PRACTICE,MAN.3.BP3,null,null
MAN.3,HAS_BASE_PRACTICE,MAN.3.BP4,null,null
MAN.3,HAS_BASE_PRACTICE,MAN.3.BP5,null,null
MAN.3,HAS_BASE_PRACTICE,MAN.3.BP6,null,null
MAN.3,HAS_BASE_PRACTICE,MAN.3.BP7,null,null
MAN.3,HAS_BASE_PRACTICE,MAN.3.BP8,null,null
MAN.3,HAS_BASE_PRACTICE,MAN.3.BP9,null,null
MAN.3,HAS_BASE_PRACTICE,MAN.3.BP10,null,null
MAN.3,BELONGS_TO,MAN,null,null
MAN.3,HAS_OUTCOME,MAN.3.OUT.1,null,null
MAN.3,HAS_OUTCOME,MAN.3.OUT.2,null,null
MAN.3,HAS_OUTCOME,MAN.3.OUT.3,null,null
MAN.3,HAS_OUTCOME,MAN.3.OUT.4,null,null
MAN.3,HAS_OUTCOME,MAN.3.OUT.5,null,null
MAN.3,HAS_OUTCOME,MAN.3.OUT.6,null,null
MAN.3,HAS_OUTCOME,MAN.3.OUT.7,null,null
MAN.5,HAS_BASE_PRACTICE,MAN.5.BP1,null,null
MAN.5,HAS_BASE_PRACTICE,MAN.5.BP2,null,null
MAN.5,HAS_BASE_PRACTICE,MAN.5.BP3,null,null
MAN.5,HAS_BASE_PRACTICE,MAN.5.BP4,null,null
MAN.5,HAS_BASE_PRACTICE,MAN.5.BP5,null,null
MAN.5,HAS_BASE_PRACTICE,MAN.5.BP6,null,null
MAN.5,HAS_BASE_PRACTICE,MAN.5.BP7,null,null
MAN.5,BELONGS_TO,MAN,null,null
MAN.5,HAS_OUTCOME,MAN.5.OUT.1,null,null
MAN.5,HAS_OUTCOME,MAN.5.OUT.2,null,null
MAN.5,HAS_OUTCOME,MAN.5.OUT.3,null,null
MAN.5,HAS_OUTCOME,MAN.5.OUT.4,null,null
MAN.5,HAS_OUTCOME,MAN.5.OUT.5,null,null
MAN.6,HAS_BASE_PRACTICE,MAN.6.BP1,null,null
MAN.6,HAS_BASE_PRACTICE,MAN.6.BP2,null,null
MAN.6,HAS_BASE_PRACTICE,MAN.6.BP3,null,null
MAN.6,HAS_BASE_PRACTICE,MAN.6.BP4,null,null
MAN.6,HAS_BASE_PRACTICE,MAN.6.BP5,null,null
MAN.6,HAS_BASE_PRACTICE,MAN.6.BP6,null,null
MAN.6,BELONGS_TO,MAN,null,null
MAN.6,HAS_OUTCOME,MAN.6.OUT.1,null,null
MAN.6,HAS_OUTCOME,MAN.6.OUT.2,null,null
MAN.6,HAS_OUTCOME,MAN.6.OUT.3,null,null
MAN.6,HAS_OUTCOME,MAN.6.OUT.4,null,null
MAN.6,HAS_OUTCOME,MAN.6.OUT.5,null,null
MAN.7,HAS_BASE_PRACTICE,MAN.7.BP1,null,null
MAN.7,HAS_BASE_PRACTICE,MAN.7.BP2,null,null
MAN.7,HAS_BASE_PRACTICE,MAN.7.BP3,null,null
MAN.7,HAS_BASE_PRACTICE,MAN.7.BP4,null,null
MAN.7,HAS_BASE_PRACTICE,MAN.7.BP5,null,null
MAN.7,HAS_BASE_PRACTICE,MAN.7.BP6,null,null
MAN.7,HAS_BASE_PRACTICE,MAN.7.BP7,null,null
MAN.7,BELONGS_TO,MAN,null,null
MAN.7,HAS_OUTCOME,MAN.7.OUT.1,null,null
MAN.7,HAS_OUTCOME,MAN.7.OUT.2,null,null
MAN.7,HAS_OUTCOME,MAN.7.OUT.3,null,null
MAN.7,HAS_OUTCOME,MAN.7.OUT.4,null,null
MAN.7,HAS_OUTCOME,MAN.7.OUT.5,null,null
PIM.3,HAS_BASE_PRACTICE,PIM.3.BP1,null,null
PIM.3,HAS_BASE_PRACTICE,PIM.3.BP2,null,null
PIM.3,HAS_BASE_PRACTICE,PIM.3.BP3,null,null
PIM.3,HAS_BASE_PRACTICE,PIM.3.BP4,null,null
PIM.3,HAS_BASE_PRACTICE,PIM.3.BP5,null,null
PIM.3,HAS_BASE_PRACTICE,PIM.3.BP6,null,null
PIM.3,HAS_BASE_PRACTICE,PIM.3.BP7,null,null
PIM.3,HAS_BASE_PRACTICE,PIM.3.BP8,null,null
PIM.3,BELONGS_TO,PIM,null,null
PIM.3,HAS_OUTCOME,PIM.3.OUT.1,null,null
PIM.3,HAS_OUTCOME,PIM.3.OUT.2,null,null
PIM.3,HAS_OUTCOME,PIM.3.OUT.3,null,null
PIM.3,HAS_OUTCOME,PIM.3.OUT.4,null,null
PIM.3,HAS_OUTCOME,PIM.3.OUT.5,null,null
PIM.3,HAS_OUTCOME,PIM.3.OUT.6,null,null
REU.2,HAS_BASE_PRACTICE,REU.2.BP1,null,null
REU.2,HAS_BASE_PRACTICE,REU.2.BP2,null,null
REU.2,HAS_BASE_PRACTICE,REU.2.BP3,null,null
REU.2,HAS_BASE_PRACTICE,REU.2.BP4,null,null
REU.2,HAS_BASE_PRACTICE,REU.2.BP5,null,null
REU.2,HAS_BASE_PRACTICE,REU.2.BP6,null,null
REU.2,BELONGS_TO,REU,null,null
REU.2,HAS_OUTCOME,REU.2.OUT.1,null,null
REU.2,HAS_OUTCOME,REU.2.OUT.2,null,null
REU.2,HAS_OUTCOME,REU.2.OUT.3,null,null
REU.2,HAS_OUTCOME,REU.2.OUT.4,null,null
REU.2,HAS_OUTCOME,REU.2.OUT.5,null,null
REU.2,HAS_OUTCOME,REU.2.OUT.6,null,null
SEC.1,HAS_BASE_PRACTICE,SEC.1.BP1,null,null
SEC.1,HAS_BASE_PRACTICE,SEC.1.BP2,null,null
SEC.1,HAS_BASE_PRACTICE,SEC.1.BP3,null,null
SEC.1,BELONGS_TO,SEC,null,null
SEC.1,HAS_OUTCOME,SEC.1.OUT.1,null,null
SEC.1,HAS_OUTCOME,SEC.1.OUT.2,null,null
SEC.1,HAS_OUTCOME,SEC.1.OUT.3,null,null
SEC.1,HAS_OUTCOME,SEC.1.OUT.4,null,null
SEC.2,HAS_BASE_PRACTICE,SEC.2.BP1,null,null
SEC.2,HAS_BASE_PRACTICE,SEC.2.BP2,null,null
SEC.2,HAS_BASE_PRACTICE,SEC.2.BP3,null,null
SEC.2,HAS_BASE_PRACTICE,SEC.2.BP4,null,null
SEC.2,HAS_BASE_PRACTICE,SEC.2.BP5,null,null
SEC.2,HAS_BASE_PRACTICE,SEC.2.BP6,null,null
SEC.2,HAS_BASE_PRACTICE,SEC.2.BP7,null,null
SEC.2,BELONGS_TO,SEC,null,null
SEC.2,HAS_OUTCOME,SEC.2.OUT.1,null,null
SEC.2,HAS_OUTCOME,SEC.2.OUT.2,null,null
SEC.2,HAS_OUTCOME,SEC.2.OUT.3,null,null
SEC.2,HAS_OUTCOME,SEC.2.OUT.4,null,null
SEC.2,HAS_OUTCOME,SEC.2.OUT.5,null,null
SEC.2,HAS_OUTCOME,SEC.2.OUT.6,null,null
SEC.2,HAS_OUTCOME,SEC.2.OUT.7,null,null
SEC.3,HAS_BASE_PRACTICE,SEC.3.BP1,null,null
SEC.3,HAS_BASE_PRACTICE,SEC.3.BP2,null,null
SEC.3,HAS_BASE_PRACTICE,SEC.3.BP3,null,null
SEC.3,HAS_BASE_PRACTICE,SEC.3.BP4,null,null
SEC.3,HAS_BASE_PRACTICE,SEC.3.BP5,null,null
SEC.3,BELONGS_TO,SEC,null,null
SEC.3,HAS_OUTCOME,SEC.3.OUT.1,null,null
SEC.3,HAS_OUTCOME,SEC.3.OUT.2,null,null
SEC.3,HAS_OUTCOME,SEC.3.OUT.3,null,null
SEC.3,HAS_OUTCOME,SEC.3.OUT.4,null,null
SEC.3,HAS_OUTCOME,SEC.3.OUT.5,null,null
SEC.4,HAS_BASE_PRACTICE,SEC.4.BP1,null,null
SEC.4,HAS_BASE_PRACTICE,SEC.4.BP2,null,null
SEC.4,HAS_BASE_PRACTICE,SEC.4.BP3,null,null
SEC.4,HAS_BASE_PRACTICE,SEC.4.BP4,null,null
SEC.4,HAS_BASE_PRACTICE,SEC.4.BP5,null,null
SEC.4,BELONGS_TO,SEC,null,null
SEC.4,HAS_OUTCOME,SEC.4.OUT.1,null,null
SEC.4,HAS_OUTCOME,SEC.4.OUT.2,null,null
SEC.4,HAS_OUTCOME,SEC.4.OUT.3,null,null
SEC.4,HAS_OUTCOME,SEC.4.OUT.4,null,null
SEC.4,HAS_OUTCOME,SEC.4.OUT.5,null,null
CL1,REQUIRES_FOR_LEVEL,PA 1.1,null,Largely_or_Fully
CL2,REQUIRES_FOR_LEVEL,PA 1.1,null,Fully
CL2,REQUIRES_FOR_LEVEL,PA 2.1,null,Largely_or_Fully
CL2,REQUIRES_FOR_LEVEL,PA 2.2,null,Largely_or_Fully
CL3,REQUIRES_FOR_LEVEL,PA 1.1,null,Fully
CL3,REQUIRES_FOR_LEVEL,PA 2.1,null,Fully
CL3,REQUIRES_FOR_LEVEL,PA 2.2,null,Fully
CL3,REQUIRES_FOR_LEVEL,PA 3.1,null,Largely_or_Fully
CL3,REQUIRES_FOR_LEVEL,PA 3.2,null,Largely_or_Fully
CL4,REQUIRES_FOR_LEVEL,PA 1.1,null,Fully
CL4,REQUIRES_FOR_LEVEL,PA 2.1,null,Fully
CL4,REQUIRES_FOR_LEVEL,PA 2.2,null,Fully
CL4,REQUIRES_FOR_LEVEL,PA 3.1,null,Fully
CL4,REQUIRES_FOR_LEVEL,PA 3.2,null,Fully
CL4,REQUIRES_FOR_LEVEL,PA 4.1,null,Largely_or_Fully
CL4,REQUIRES_FOR_LEVEL,PA 4.2,null,Largely_or_Fully
CL5,REQUIRES_FOR_LEVEL,PA 1.1,null,Fully
CL5,REQUIRES_FOR_LEVEL,PA 2.1,null,Fully
CL5,REQUIRES_FOR_LEVEL,PA 2.2,null,Fully
CL5,REQUIRES_FOR_LEVEL,PA 3.1,null,Fully
CL5,REQUIRES_FOR_LEVEL,PA 3.2,null,Fully
CL5,REQUIRES_FOR_LEVEL,PA 4.1,null,Fully
CL5,REQUIRES_FOR_LEVEL,PA 4.2,null,Fully
CL5,REQUIRES_FOR_LEVEL,PA 5.1,null,Largely_or_Fully
CL5,REQUIRES_FOR_LEVEL,PA 5.2,null,Largely_or_Fully
PA 1.1,APPLIES_TO,CL1,null,null
PA 1.1,HAS_GENERIC_PRACTICE,GP 1.1.1,null,null
PA 1.1,HAS_ACHIEVEMENT,PA1.1.ACH.1,null,null
PA 2.1,APPLIES_TO,CL2,null,null
PA 2.1,HAS_GENERIC_PRACTICE,GP 2.1.1,null,null
PA 2.1,HAS_GENERIC_PRACTICE,GP 2.1.2,null,null
PA 2.1,HAS_GENERIC_PRACTICE,GP 2.1.3,null,null
PA 2.1,HAS_GENERIC_PRACTICE,GP 2.1.4,null,null
PA 2.1,HAS_GENERIC_PRACTICE,GP 2.1.5,null,null
PA 2.1,HAS_GENERIC_PRACTICE,GP 2.1.6,null,null
PA 2.1,HAS_ACHIEVEMENT,PA2.1.ACH.1,null,null
PA 2.1,HAS_ACHIEVEMENT,PA2.1.ACH.2,null,null
PA 2.1,HAS_ACHIEVEMENT,PA2.1.ACH.3,null,null
PA 2.1,HAS_ACHIEVEMENT,PA2.1.ACH.4,null,null
PA 2.1,HAS_ACHIEVEMENT,PA2.1.ACH.5,null,null
PA 2.1,HAS_ACHIEVEMENT,PA2.1.ACH.6,null,null
PA 2.1,HAS_ACHIEVEMENT,PA2.1.ACH.7,null,null
PA 2.1,HAS_ACHIEVEMENT,PA2.1.ACH.8,null,null
PA 2.2,APPLIES_TO,CL2,null,null
PA 2.2,HAS_GENERIC_PRACTICE,GP 2.2.1,null,null
PA 2.2,HAS_GENERIC_PRACTICE,GP 2.2.2,null,null
PA 2.2,HAS_GENERIC_PRACTICE,GP 2.2.3,null,null
PA 2.2,HAS_GENERIC_PRACTICE,GP 2.2.4,null,null
PA 2.2,HAS_ACHIEVEMENT,PA2.2.ACH.1,null,null
PA 2.2,HAS_ACHIEVEMENT,PA2.2.ACH.2,null,null
PA 2.2,HAS_ACHIEVEMENT,PA2.2.ACH.3,null,null
PA 2.2,HAS_ACHIEVEMENT,PA2.2.ACH.4,null,null
PA 3.1,APPLIES_TO,CL3,null,null
PA 3.1,HAS_GENERIC_PRACTICE,GP 3.1.1,null,null
PA 3.1,HAS_GENERIC_PRACTICE,GP 3.1.2,null,null
PA 3.1,HAS_GENERIC_PRACTICE,GP 3.1.3,null,null
PA 3.1,HAS_GENERIC_PRACTICE,GP 3.1.4,null,null
PA 3.1,HAS_ACHIEVEMENT,PA3.1.ACH.1,null,null
PA 3.1,HAS_ACHIEVEMENT,PA3.1.ACH.2,null,null
PA 3.1,HAS_ACHIEVEMENT,PA3.1.ACH.3,null,null
PA 3.1,HAS_ACHIEVEMENT,PA3.1.ACH.4,null,null
PA 3.1,HAS_ACHIEVEMENT,PA3.1.ACH.5,null,null
PA 3.1,HAS_ACHIEVEMENT,PA3.1.ACH.6,null,null
PA 3.2,APPLIES_TO,CL3,null,null
PA 3.2,HAS_GENERIC_PRACTICE,GP 3.2.1,null,null
PA 3.2,HAS_GENERIC_PRACTICE,GP 3.2.2,null,null
PA 3.2,HAS_GENERIC_PRACTICE,GP 3.2.3,null,null
PA 3.2,HAS_GENERIC_PRACTICE,GP 3.2.4,null,null
PA 3.2,HAS_ACHIEVEMENT,PA3.2.ACH.1,null,null
PA 3.2,HAS_ACHIEVEMENT,PA3.2.ACH.2,null,null
PA 3.2,HAS_ACHIEVEMENT,PA3.2.ACH.3,null,null
PA 3.2,HAS_ACHIEVEMENT,PA3.2.ACH.4,null,null
PA 3.2,HAS_ACHIEVEMENT,PA3.2.ACH.5,null,null
PA 4.1,APPLIES_TO,CL4,null,null
PA 4.1,HAS_GENERIC_PRACTICE,GP 4.1.1,null,null
PA 4.1,HAS_GENERIC_PRACTICE,GP 4.1.2,null,null
PA 4.1,HAS_GENERIC_PRACTICE,GP 4.1.3,null,null
PA 4.1,HAS_GENERIC_PRACTICE,GP 4.1.4,null,null
PA 4.1,HAS_GENERIC_PRACTICE,GP 4.1.5,null,null
PA 4.1,HAS_GENERIC_PRACTICE,GP 4.1.6,null,null
PA 4.1,HAS_ACHIEVEMENT,PA4.1.ACH.1,null,null
PA 4.1,HAS_ACHIEVEMENT,PA4.1.ACH.2,null,null
PA 4.1,HAS_ACHIEVEMENT,PA4.1.ACH.3,null,null
PA 4.1,HAS_ACHIEVEMENT,PA4.1.ACH.4,null,null
PA 4.1,HAS_ACHIEVEMENT,PA4.1.ACH.5,null,null
PA 4.1,HAS_ACHIEVEMENT,PA4.1.ACH.6,null,null
PA 4.2,APPLIES_TO,CL4,null,null
PA 4.2,HAS_GENERIC_PRACTICE,GP 4.2.1,null,null
PA 4.2,HAS_GENERIC_PRACTICE,GP 4.2.2,null,null
PA 4.2,HAS_GENERIC_PRACTICE,GP 4.2.3,null,null
PA 4.2,HAS_ACHIEVEMENT,PA4.2.ACH.1,null,null
PA 4.2,HAS_ACHIEVEMENT,PA4.2.ACH.2,null,null
PA 4.2,HAS_ACHIEVEMENT,PA4.2.ACH.3,null,null
PA 4.2,HAS_ACHIEVEMENT,PA4.2.ACH.4,null,null
PA 5.1,APPLIES_TO,CL5,null,null
PA 5.1,HAS_GENERIC_PRACTICE,GP 5.1.1,null,null
PA 5.1,HAS_GENERIC_PRACTICE,GP 5.1.2,null,null
PA 5.1,HAS_GENERIC_PRACTICE,GP 5.1.3,null,null
PA 5.1,HAS_ACHIEVEMENT,PA5.1.ACH.1,null,null
PA 5.1,HAS_ACHIEVEMENT,PA5.1.ACH.2,null,null
PA 5.1,HAS_ACHIEVEMENT,PA5.1.ACH.3,null,null
PA 5.2,APPLIES_TO,CL5,null,null
PA 5.2,HAS_GENERIC_PRACTICE,GP 5.2.1,null,null
PA 5.2,HAS_GENERIC_PRACTICE,GP 5.2.2,null,null
PA 5.2,HAS_GENERIC_PRACTICE,GP 5.2.3,null,null
PA 5.2,HAS_ACHIEVEMENT,PA5.2.ACH.1,null,null
PA 5.2,HAS_ACHIEVEMENT,PA5.2.ACH.2,null,null
PA 5.2,HAS_ACHIEVEMENT,PA5.2.ACH.3,null,null
04-06,CONSISTENCY,04-05,SEC.2.BP6,null
08-60,BIDIRECTIONAL_TRACEABILITY,15-52,SEC.3.BP4,null
17-00,CONSISTENCY,04-06,SEC.2.BP2,null
17-00,BIDIRECTIONAL_TRACEABILITY,08-60,SEC.2.BP2|SEC.3.BP4,null
08-59,BIDIRECTIONAL_TRACEABILITY,13-24,SEC.4.BP4,null
17-51,CONSISTENCY,17-00,SEC.1.BP2,null
17-51,BIDIRECTIONAL_TRACEABILITY,08-59,SEC.4.BP4,null
17-53,BIDIRECTIONAL_TRACEABILITY,17-51,SEC.1.BP2,null
ACQ.4.BP3,CROSS_REFERENCES,SUP.9,null,null
ACQ.4.BP3,HAS_NOTE,ACQ.4.BP3.NOTE.1,null,null
ACQ.4.BP4,CROSS_REFERENCES,MAN.5,null,null
ACQ.4.BP4,HAS_NOTE,ACQ.4.BP4.NOTE.2,null,null
SPL.2.BP1,HAS_NOTE,SPL.2.BP1.NOTE.1,null,null
SPL.2.BP1,HAS_NOTE,SPL.2.BP1.NOTE.2,null,null
SPL.2.BP2,HAS_NOTE,SPL.2.BP2.NOTE.3,null,null
SPL.2.BP3,HAS_NOTE,SPL.2.BP3.NOTE.4,null,null
SPL.2.BP4,CROSS_REFERENCES,SUP.8,null,null
SPL.2.BP4,HAS_NOTE,SPL.2.BP4.NOTE.5,null,null
SPL.2.BP6,CROSS_REFERENCES,VAL.1,null,null
SPL.2.BP6,HAS_NOTE,SPL.2.BP6.NOTE.6,null,null
SYS.1.BP1,HAS_NOTE,SYS.1.BP1.NOTE.1,null,null
SYS.1.BP1,PRODUCES,17-54,null,null
SYS.1.BP1,PRODUCES,14-50,null,null
SYS.1.BP1,SATISFIES,SYS.1.OUT.1,null,null
SYS.1.BP1,SATISFIES,SYS.1.OUT.2,null,null
SYS.1.BP2,HAS_NOTE,SYS.1.BP2.NOTE.2,null,null
SYS.1.BP2,HAS_NOTE,SYS.1.BP2.NOTE.3,null,null
SYS.1.BP2,PRODUCES,17-00,null,null
SYS.1.BP2,PRODUCES,17-54,null,null
SYS.1.BP2,SATISFIES,SYS.1.OUT.3,null,null
SYS.1.BP3,CROSS_REFERENCES,SUP.10,null,null
SYS.1.BP3,HAS_NOTE,SYS.1.BP3.NOTE.4,null,null
SYS.1.BP3,HAS_NOTE,SYS.1.BP3.NOTE.5,null,null
SYS.1.BP3,PRODUCES,15-51,null,null
SYS.1.BP3,SATISFIES,SYS.1.OUT.4,null,null
SYS.1.BP4,PRODUCES,13-52,null,null
SYS.1.BP4,PRODUCES,17-54,null,null
SYS.1.BP4,SATISFIES,SYS.1.OUT.4,null,null
SYS.1.BP4,SATISFIES,SYS.1.OUT.5,null,null
SYS.2.BP1,HAS_NOTE,SYS.2.BP1.NOTE.1,null,null
SYS.2.BP1,HAS_NOTE,SYS.2.BP1.NOTE.2,null,null
SYS.2.BP1,PRODUCES,17-00,null,null
SYS.2.BP1,PRODUCES,17-54,null,null
SYS.2.BP1,SATISFIES,SYS.2.OUT.1,null,null
SYS.2.BP2,HAS_NOTE,SYS.2.BP2.NOTE.3,null,null
SYS.2.BP2,HAS_NOTE,SYS.2.BP2.NOTE.4,null,null
SYS.2.BP2,PRODUCES,17-00,null,null
SYS.2.BP2,PRODUCES,17-54,null,null
SYS.2.BP2,SATISFIES,SYS.2.OUT.2,null,null
SYS.2.BP3,HAS_NOTE,SYS.2.BP3.NOTE.5,null,null
SYS.2.BP3,HAS_NOTE,SYS.2.BP3.NOTE.6,null,null
SYS.2.BP3,PRODUCES,15-51,null,null
SYS.2.BP3,SATISFIES,SYS.2.OUT.3,null,null
SYS.2.BP4,PRODUCES,15-51,null,null
SYS.2.BP4,SATISFIES,SYS.2.OUT.4,null,null
SYS.2.BP5,HAS_NOTE,SYS.2.BP5.NOTE.7,null,null
SYS.2.BP5,HAS_NOTE,SYS.2.BP5.NOTE.8,null,null
SYS.2.BP5,PRODUCES,13-51,null,null
SYS.2.BP5,SATISFIES,SYS.2.OUT.5,null,null
SYS.2.BP6,PRODUCES,13-52,null,null
SYS.2.BP6,SATISFIES,SYS.2.OUT.6,null,null
SYS.3.BP1,PRODUCES,04-06,null,null
SYS.3.BP1,SATISFIES,SYS.3.OUT.1,null,null
SYS.3.BP2,HAS_NOTE,SYS.3.BP2.NOTE.1,null,null
SYS.3.BP2,PRODUCES,04-06,null,null
SYS.3.BP2,SATISFIES,SYS.3.OUT.1,null,null
SYS.3.BP3,HAS_NOTE,SYS.3.BP3.NOTE.2,null,null
SYS.3.BP3,HAS_NOTE,SYS.3.BP3.NOTE.3,null,null
SYS.3.BP3,HAS_NOTE,SYS.3.BP3.NOTE.4,null,null
SYS.3.BP3,HAS_NOTE,SYS.3.BP3.NOTE.5,null,null
SYS.3.BP3,HAS_NOTE,SYS.3.BP3.NOTE.6,null,null
SYS.3.BP3,PRODUCES,15-51,null,null
SYS.3.BP3,PRODUCES,17-57,null,null
SYS.3.BP3,SATISFIES,SYS.3.OUT.2,null,null
SYS.3.BP4,HAS_NOTE,SYS.3.BP4.NOTE.7,null,null
SYS.3.BP4,HAS_NOTE,SYS.3.BP4.NOTE.8,null,null
SYS.3.BP4,PRODUCES,13-51,null,null
SYS.3.BP4,SATISFIES,SYS.3.OUT.3,null,null
SYS.3.BP5,PRODUCES,13-52,null,null
SYS.3.BP5,SATISFIES,SYS.3.OUT.4,null,null
SYS.4.BP1,HAS_NOTE,SYS.4.BP1.NOTE.1,null,null
SYS.4.BP1,PRODUCES,08-60,null,null
SYS.4.BP1,PRODUCES,06-50,null,null
SYS.4.BP1,SATISFIES,SYS.4.OUT.1,null,null
SYS.4.BP2,HAS_NOTE,SYS.4.BP2.NOTE.2,null,null
SYS.4.BP2,PRODUCES,08-58,null,null
SYS.4.BP2,SATISFIES,SYS.4.OUT.2,null,null
SYS.4.BP3,CROSS_REFERENCES,SUP.9,null,null
SYS.4.BP3,HAS_NOTE,SYS.4.BP3.NOTE.3,null,null
SYS.4.BP3,HAS_NOTE,SYS.4.BP3.NOTE.4,null,null
SYS.4.BP3,PRODUCES,03-50,null,null
SYS.4.BP3,PRODUCES,15-52,null,null
SYS.4.BP3,PRODUCES,11-06,null,null
SYS.4.BP3,SATISFIES,SYS.4.OUT.3,null,null
SYS.4.BP3,SATISFIES,SYS.4.OUT.4,null,null
SYS.4.BP3,SATISFIES,SYS.4.OUT.6,null,null
SYS.4.BP4,HAS_NOTE,SYS.4.BP4.NOTE.5,null,null
SYS.4.BP4,PRODUCES,13-51,null,null
SYS.4.BP4,SATISFIES,SYS.4.OUT.4,null,null
SYS.4.BP4,SATISFIES,SYS.4.OUT.5,null,null
SYS.4.BP5,HAS_NOTE,SYS.4.BP5.NOTE.6,null,null
SYS.4.BP5,PRODUCES,13-52,null,null
SYS.4.BP5,SATISFIES,SYS.4.OUT.7,null,null
SYS.5.BP1,HAS_NOTE,SYS.5.BP1.NOTE.1,null,null
SYS.5.BP1,PRODUCES,08-60,null,null
SYS.5.BP1,SATISFIES,SYS.5.OUT.1,null,null
SYS.5.BP2,HAS_NOTE,SYS.5.BP2.NOTE.2,null,null
SYS.5.BP2,PRODUCES,08-58,null,null
SYS.5.BP2,SATISFIES,SYS.5.OUT.2,null,null
SYS.5.BP3,CROSS_REFERENCES,SUP.9,null,null
SYS.5.BP3,HAS_NOTE,SYS.5.BP3.NOTE.3,null,null
SYS.5.BP3,PRODUCES,03-50,null,null
SYS.5.BP3,PRODUCES,15-52,null,null
SYS.5.BP3,SATISFIES,SYS.5.OUT.3,null,null
SYS.5.BP4,HAS_NOTE,SYS.5.BP4.NOTE.4,null,null
SYS.5.BP4,PRODUCES,13-51,null,null
SYS.5.BP4,SATISFIES,SYS.5.OUT.4,null,null
SYS.5.BP4,SATISFIES,SYS.5.OUT.5,null,null
SYS.5.BP5,HAS_NOTE,SYS.5.BP5.NOTE.5,null,null
SYS.5.BP5,PRODUCES,13-52,null,null
SYS.5.BP5,SATISFIES,SYS.5.OUT.6,null,null
SWE.1.BP1,HAS_NOTE,SWE.1.BP1.NOTE.1,null,null
SWE.1.BP1,HAS_NOTE,SWE.1.BP1.NOTE.2,null,null
SWE.1.BP1,HAS_NOTE,SWE.1.BP1.NOTE.3,null,null
SWE.1.BP1,HAS_NOTE,SWE.1.BP1.NOTE.4,null,null
SWE.1.BP1,PRODUCES,17-00,null,null
SWE.1.BP1,PRODUCES,17-54,null,null
SWE.1.BP1,SATISFIES,SWE.1.OUT.1,null,null
SWE.1.BP2,HAS_NOTE,SWE.1.BP2.NOTE.5,null,null
SWE.1.BP2,HAS_NOTE,SWE.1.BP2.NOTE.6,null,null
SWE.1.BP2,PRODUCES,17-00,null,null
SWE.1.BP2,PRODUCES,17-54,null,null
SWE.1.BP2,SATISFIES,SWE.1.OUT.2,null,null
SWE.1.BP3,HAS_NOTE,SWE.1.BP3.NOTE.7,null,null
SWE.1.BP3,HAS_NOTE,SWE.1.BP3.NOTE.8,null,null
SWE.1.BP3,PRODUCES,15-51,null,null
SWE.1.BP3,SATISFIES,SWE.1.OUT.3,null,null
SWE.1.BP4,PRODUCES,15-51,null,null
SWE.1.BP4,SATISFIES,SWE.1.OUT.4,null,null
SWE.1.BP5,HAS_NOTE,SWE.1.BP5.NOTE.9,null,null
SWE.1.BP5,HAS_NOTE,SWE.1.BP5.NOTE.10,null,null
SWE.1.BP5,HAS_NOTE,SWE.1.BP5.NOTE.11,null,null
SWE.1.BP5,HAS_NOTE,SWE.1.BP5.NOTE.12,null,null
SWE.1.BP5,PRODUCES,13-51,null,null
SWE.1.BP5,SATISFIES,SWE.1.OUT.5,null,null
SWE.1.BP5,SATISFIES,SWE.1.OUT.6,null,null
SWE.1.BP6,PRODUCES,13-52,null,null
SWE.1.BP6,SATISFIES,SWE.1.OUT.7,null,null
SWE.2.BP1,HAS_NOTE,SWE.2.BP1.NOTE.1,null,null
SWE.2.BP1,PRODUCES,04-04,null,null
SWE.2.BP1,SATISFIES,SWE.2.OUT.1,null,null
SWE.2.BP2,HAS_NOTE,SWE.2.BP2.NOTE.2,null,null
SWE.2.BP2,HAS_NOTE,SWE.2.BP2.NOTE.3,null,null
SWE.2.BP2,PRODUCES,04-04,null,null
SWE.2.BP2,SATISFIES,SWE.2.OUT.1,null,null
SWE.2.BP3,CROSS_REFERENCES,MAN.3,null,null
SWE.2.BP3,HAS_NOTE,SWE.2.BP3.NOTE.4,null,null
SWE.2.BP3,HAS_NOTE,SWE.2.BP3.NOTE.5,null,null
SWE.2.BP3,HAS_NOTE,SWE.2.BP3.NOTE.6,null,null
SWE.2.BP3,HAS_NOTE,SWE.2.BP3.NOTE.7,null,null
SWE.2.BP3,HAS_NOTE,SWE.2.BP3.NOTE.8,null,null
SWE.2.BP3,PRODUCES,15-51,null,null
SWE.2.BP3,SATISFIES,SWE.2.OUT.2,null,null
SWE.2.BP4,HAS_NOTE,SWE.2.BP4.NOTE.9,null,null
SWE.2.BP4,HAS_NOTE,SWE.2.BP4.NOTE.10,null,null
SWE.2.BP4,PRODUCES,13-51,null,null
SWE.2.BP4,SATISFIES,SWE.2.OUT.3,null,null
SWE.2.BP5,PRODUCES,13-52,null,null
SWE.2.BP5,SATISFIES,SWE.2.OUT.4,null,null
SWE.3.BP1,HAS_NOTE,SWE.3.BP1.NOTE.1,null,null
SWE.3.BP1,HAS_NOTE,SWE.3.BP1.NOTE.2,null,null
SWE.3.BP1,HAS_NOTE,SWE.3.BP1.NOTE.3,null,null
SWE.3.BP1,HAS_NOTE,SWE.3.BP1.NOTE.4,null,null
SWE.3.BP1,HAS_NOTE,SWE.3.BP1.NOTE.5,null,null
SWE.3.BP1,PRODUCES,04-05,null,null
SWE.3.BP1,SATISFIES,SWE.3.OUT.1,null,null
SWE.3.BP2,HAS_NOTE,SWE.3.BP2.NOTE.6,null,null
SWE.3.BP2,PRODUCES,04-05,null,null
SWE.3.BP2,SATISFIES,SWE.3.OUT.1,null,null
SWE.3.BP3,HAS_NOTE,SWE.3.BP3.NOTE.7,null,null
SWE.3.BP3,PRODUCES,11-05,null,null
SWE.3.BP3,SATISFIES,SWE.3.OUT.2,null,null
SWE.3.BP4,HAS_NOTE,SWE.3.BP4.NOTE.8,null,null
SWE.3.BP4,HAS_NOTE,SWE.3.BP4.NOTE.9,null,null
SWE.3.BP4,HAS_NOTE,SWE.3.BP4.NOTE.10,null,null
SWE.3.BP4,PRODUCES,13-51,null,null
SWE.3.BP4,SATISFIES,SWE.3.OUT.3,null,null
SWE.3.BP4,SATISFIES,SWE.3.OUT.4,null,null
SWE.3.BP4,SATISFIES,SWE.3.OUT.5,null,null
SWE.3.BP5,PRODUCES,13-52,null,null
SWE.3.BP5,SATISFIES,SWE.3.OUT.6,null,null
SWE.4.BP1,HAS_NOTE,SWE.4.BP1.NOTE.1,null,null
SWE.4.BP1,HAS_NOTE,SWE.4.BP1.NOTE.2,null,null
SWE.4.BP1,PRODUCES,08-60,null,null
SWE.4.BP1,SATISFIES,SWE.4.OUT.1,null,null
SWE.4.BP2,PRODUCES,08-58,null,null
SWE.4.BP2,SATISFIES,SWE.4.OUT.2,null,null
SWE.4.BP3,CROSS_REFERENCES,SUP.9,null,null
SWE.4.BP3,HAS_NOTE,SWE.4.BP3.NOTE.3,null,null
SWE.4.BP3,PRODUCES,03-50,null,null
SWE.4.BP3,PRODUCES,15-52,null,null
SWE.4.BP3,SATISFIES,SWE.4.OUT.3,null,null
SWE.4.BP4,HAS_NOTE,SWE.4.BP4.NOTE.4,null,null
SWE.4.BP4,PRODUCES,13-51,null,null
SWE.4.BP4,SATISFIES,SWE.4.OUT.4,null,null
SWE.4.BP4,SATISFIES,SWE.4.OUT.5,null,null
SWE.4.BP5,HAS_NOTE,SWE.4.BP5.NOTE.5,null,null
SWE.4.BP5,PRODUCES,13-52,null,null
SWE.4.BP5,SATISFIES,SWE.4.OUT.6,null,null
SWE.5.BP1,HAS_NOTE,SWE.5.BP1.NOTE.1,null,null
SWE.5.BP1,HAS_NOTE,SWE.5.BP1.NOTE.2,null,null
SWE.5.BP1,PRODUCES,08-60,null,null
SWE.5.BP1,PRODUCES,06-50,null,null
SWE.5.BP1,SATISFIES,SWE.5.OUT.1,null,null
SWE.5.BP2,HAS_NOTE,SWE.5.BP2.NOTE.3,null,null
SWE.5.BP2,PRODUCES,08-60,null,null
SWE.5.BP2,SATISFIES,SWE.5.OUT.2,null,null
SWE.5.BP3,HAS_NOTE,SWE.5.BP3.NOTE.4,null,null
SWE.5.BP3,PRODUCES,08-58,null,null
SWE.5.BP3,SATISFIES,SWE.5.OUT.4,null,null
SWE.5.BP4,CROSS_REFERENCES,SUP.9,null,null
SWE.5.BP4,HAS_NOTE,SWE.5.BP4.NOTE.5,null,null
SWE.5.BP4,HAS_NOTE,SWE.5.BP4.NOTE.6,null,null
SWE.5.BP4,HAS_NOTE,SWE.5.BP4.NOTE.7,null,null
SWE.5.BP4,PRODUCES,03-50,null,null
SWE.5.BP4,PRODUCES,15-52,null,null
SWE.5.BP4,PRODUCES,01-50,null,null
SWE.5.BP4,SATISFIES,SWE.5.OUT.3,null,null
SWE.5.BP4,SATISFIES,SWE.5.OUT.6,null,null
SWE.5.BP5,CROSS_REFERENCES,SUP.9,null,null
SWE.5.BP5,HAS_NOTE,SWE.5.BP5.NOTE.8,null,null
SWE.5.BP5,PRODUCES,03-50,null,null
SWE.5.BP5,PRODUCES,15-52,null,null
SWE.5.BP5,PRODUCES,01-03,null,null
SWE.5.BP5,SATISFIES,SWE.5.OUT.5,null,null
SWE.5.BP6,HAS_NOTE,SWE.5.BP6.NOTE.9,null,null
SWE.5.BP6,PRODUCES,13-51,null,null
SWE.5.BP6,SATISFIES,SWE.5.OUT.7,null,null
SWE.5.BP6,SATISFIES,SWE.5.OUT.8,null,null
SWE.5.BP7,HAS_NOTE,SWE.5.BP7.NOTE.10,null,null
SWE.5.BP7,PRODUCES,13-52,null,null
SWE.5.BP7,SATISFIES,SWE.5.OUT.9,null,null
SWE.6.BP1,HAS_NOTE,SWE.6.BP1.NOTE.1,null,null
SWE.6.BP1,PRODUCES,08-60,null,null
SWE.6.BP1,SATISFIES,SWE.6.OUT.1,null,null
SWE.6.BP2,HAS_NOTE,SWE.6.BP2.NOTE.2,null,null
SWE.6.BP2,PRODUCES,08-58,null,null
SWE.6.BP2,SATISFIES,SWE.6.OUT.2,null,null
SWE.6.BP3,CROSS_REFERENCES,SUP.9,null,null
SWE.6.BP3,HAS_NOTE,SWE.6.BP3.NOTE.3,null,null
SWE.6.BP3,PRODUCES,03-50,null,null
SWE.6.BP3,PRODUCES,15-52,null,null
SWE.6.BP3,SATISFIES,SWE.6.OUT.3,null,null
SWE.6.BP4,HAS_NOTE,SWE.6.BP4.NOTE.4,null,null
SWE.6.BP4,PRODUCES,13-51,null,null
SWE.6.BP4,SATISFIES,SWE.6.OUT.4,null,null
SWE.6.BP4,SATISFIES,SWE.6.OUT.5,null,null
SWE.6.BP5,HAS_NOTE,SWE.6.BP5.NOTE.5,null,null
SWE.6.BP5,PRODUCES,13-52,null,null
SWE.6.BP5,SATISFIES,SWE.6.OUT.6,null,null
VAL.1.BP1,CROSS_REFERENCES,SYS.3,null,null
VAL.1.BP1,CROSS_REFERENCES,SWE.2,null,null
VAL.1.BP1,CROSS_REFERENCES,HWE.2,null,null
VAL.1.BP1,CROSS_REFERENCES,MAN.5,null,null
VAL.1.BP1,HAS_NOTE,VAL.1.BP1.NOTE.1,null,null
VAL.1.BP1,HAS_NOTE,VAL.1.BP1.NOTE.2,null,null
VAL.1.BP1,HAS_NOTE,VAL.1.BP1.NOTE.3,null,null
VAL.1.BP1,PRODUCES,08-59,null,null
VAL.1.BP1,SATISFIES,VAL.1.OUT.1,null,null
VAL.1.BP2,HAS_NOTE,VAL.1.BP2.NOTE.4,null,null
VAL.1.BP2,PRODUCES,08-57,null,null
VAL.1.BP2,SATISFIES,VAL.1.OUT.1,null,null
VAL.1.BP3,CROSS_REFERENCES,SUP.9,null,null
VAL.1.BP3,HAS_NOTE,VAL.1.BP3.NOTE.5,null,null
VAL.1.BP3,HAS_NOTE,VAL.1.BP3.NOTE.6,null,null
VAL.1.BP3,PRODUCES,13-24,null,null
VAL.1.BP3,SATISFIES,VAL.1.OUT.2,null,null
VAL.1.BP4,CROSS_REFERENCES,SYS.1,null,null
VAL.1.BP4,CROSS_REFERENCES,SYS.2,null,null
VAL.1.BP4,HAS_NOTE,VAL.1.BP4.NOTE.7,null,null
VAL.1.BP4,HAS_NOTE,VAL.1.BP4.NOTE.8,null,null
VAL.1.BP4,HAS_NOTE,VAL.1.BP4.NOTE.9,null,null
VAL.1.BP4,PRODUCES,13-51,null,null
VAL.1.BP4,SATISFIES,VAL.1.OUT.3,null,null
VAL.1.BP5,HAS_NOTE,VAL.1.BP5.NOTE.10,null,null
VAL.1.BP5,PRODUCES,13-52,null,null
VAL.1.BP5,SATISFIES,VAL.1.OUT.4,null,null
MLE.1.BP1,HAS_NOTE,MLE.1.BP1.NOTE.1,null,null
MLE.1.BP1,HAS_NOTE,MLE.1.BP1.NOTE.2,null,null
MLE.1.BP1,HAS_NOTE,MLE.1.BP1.NOTE.3,null,null
MLE.1.BP1,HAS_NOTE,MLE.1.BP1.NOTE.4,null,null
MLE.1.BP1,PRODUCES,17-00,null,null
MLE.1.BP1,PRODUCES,17-54,null,null
MLE.1.BP1,SATISFIES,MLE.1.OUT.1,null,null
MLE.1.BP2,CROSS_REFERENCES,SPL.2,null,null
MLE.1.BP2,HAS_NOTE,MLE.1.BP2.NOTE.5,null,null
MLE.1.BP2,HAS_NOTE,MLE.1.BP2.NOTE.6,null,null
MLE.1.BP2,PRODUCES,17-00,null,null
MLE.1.BP2,PRODUCES,17-54,null,null
MLE.1.BP2,SATISFIES,MLE.1.OUT.2,null,null
MLE.1.BP3,CROSS_REFERENCES,MAN.3,null,null
MLE.1.BP3,HAS_NOTE,MLE.1.BP3.NOTE.7,null,null
MLE.1.BP3,PRODUCES,15-51,null,null
MLE.1.BP3,SATISFIES,MLE.1.OUT.3,null,null
MLE.1.BP4,HAS_NOTE,MLE.1.BP4.NOTE.8,null,null
MLE.1.BP4,PRODUCES,15-51,null,null
MLE.1.BP4,SATISFIES,MLE.1.OUT.4,null,null
MLE.1.BP5,HAS_NOTE,MLE.1.BP5.NOTE.9,null,null
MLE.1.BP5,HAS_NOTE,MLE.1.BP5.NOTE.10,null,null
MLE.1.BP5,PRODUCES,13-51,null,null
MLE.1.BP5,SATISFIES,MLE.1.OUT.5,null,null
MLE.1.BP6,PRODUCES,13-52,null,null
MLE.1.BP6,SATISFIES,MLE.1.OUT.6,null,null
MLE.2.BP1,HAS_NOTE,MLE.2.BP1.NOTE.1,null,null
MLE.2.BP1,HAS_NOTE,MLE.2.BP1.NOTE.2,null,null
MLE.2.BP1,PRODUCES,04-51,null,null
MLE.2.BP1,SATISFIES,MLE.2.OUT.1,null,null
MLE.2.BP2,PRODUCES,04-51,null,null
MLE.2.BP2,PRODUCES,01-54,null,null
MLE.2.BP2,SATISFIES,MLE.2.OUT.2,null,null
MLE.2.BP3,HAS_NOTE,MLE.2.BP3.NOTE.3,null,null
MLE.2.BP3,PRODUCES,15-51,null,null
MLE.2.BP3,PRODUCES,04-51,null,null
MLE.2.BP3,SATISFIES,MLE.2.OUT.3,null,null
MLE.2.BP4,PRODUCES,04-51,null,null
MLE.2.BP4,SATISFIES,MLE.2.OUT.4,null,null
MLE.2.BP5,HAS_NOTE,MLE.2.BP5.NOTE.4,null,null
MLE.2.BP5,HAS_NOTE,MLE.2.BP5.NOTE.5,null,null
MLE.2.BP5,PRODUCES,13-51,null,null
MLE.2.BP5,PRODUCES,15-51,null,null
MLE.2.BP5,SATISFIES,MLE.2.OUT.5,null,null
MLE.2.BP6,PRODUCES,13-52,null,null
MLE.2.BP6,PRODUCES,01-54,null,null
MLE.2.BP6,SATISFIES,MLE.2.OUT.6,null,null
MLE.3.BP1,HAS_NOTE,MLE.3.BP1.NOTE.1,null,null
MLE.3.BP1,HAS_NOTE,MLE.3.BP1.NOTE.2,null,null
MLE.3.BP1,PRODUCES,08-65,null,null
MLE.3.BP1,SATISFIES,MLE.3.OUT.1,null,null
MLE.3.BP2,CROSS_REFERENCES,SUP.11,null,null
MLE.3.BP2,HAS_NOTE,MLE.3.BP2.NOTE.4,null,null
MLE.3.BP2,HAS_NOTE,MLE.3.BP2.NOTE.5,null,null
MLE.3.BP2,PRODUCES,03-51,null,null
MLE.3.BP2,SATISFIES,MLE.3.OUT.2,null,null
MLE.3.BP3,PRODUCES,01-54,null,null
MLE.3.BP3,PRODUCES,01-53,null,null
MLE.3.BP3,SATISFIES,MLE.3.OUT.3,null,null
MLE.3.BP4,HAS_NOTE,MLE.3.BP4.NOTE.6,null,null
MLE.3.BP4,PRODUCES,13-51,null,null
MLE.3.BP4,SATISFIES,MLE.3.OUT.4,null,null
MLE.3.BP5,PRODUCES,13-52,null,null
MLE.3.BP5,SATISFIES,MLE.3.OUT.5,null,null
MLE.4.BP1,HAS_NOTE,MLE.4.BP1.NOTE.1,null,null
MLE.4.BP1,HAS_NOTE,MLE.4.BP1.NOTE.2,null,null
MLE.4.BP1,HAS_NOTE,MLE.4.BP1.NOTE.3,null,null
MLE.4.BP1,HAS_NOTE,MLE.4.BP1.NOTE.4,null,null
MLE.4.BP1,PRODUCES,08-64,null,null
MLE.4.BP1,SATISFIES,MLE.4.OUT.1,null,null
MLE.4.BP2,CROSS_REFERENCES,SUP.11,null,null
MLE.4.BP2,HAS_NOTE,MLE.4.BP2.NOTE.5,null,null
MLE.4.BP2,HAS_NOTE,MLE.4.BP2.NOTE.6,null,null
MLE.4.BP2,PRODUCES,03-51,null,null
MLE.4.BP2,SATISFIES,MLE.4.OUT.2,null,null
MLE.4.BP3,HAS_NOTE,MLE.4.BP3.NOTE.7,null,null
MLE.4.BP3,PRODUCES,13-50,null,null
MLE.4.BP3,SATISFIES,MLE.4.OUT.3,null,null
MLE.4.BP4,HAS_NOTE,MLE.4.BP4.NOTE.8,null,null
MLE.4.BP4,PRODUCES,11-50,null,null
MLE.4.BP4,SATISFIES,MLE.4.OUT.4,null,null
MLE.4.BP5,PRODUCES,13-50,null,null
MLE.4.BP5,SATISFIES,MLE.4.OUT.4,null,null
MLE.4.BP6,HAS_NOTE,MLE.4.BP6.NOTE.9,null,null
MLE.4.BP6,PRODUCES,13-51,null,null
MLE.4.BP6,SATISFIES,MLE.4.OUT.5,null,null
MLE.4.BP7,PRODUCES,13-52,null,null
MLE.4.BP7,SATISFIES,MLE.4.OUT.6,null,null
HWE.1.BP1,HAS_NOTE,HWE.1.BP1.NOTE.1,null,null
HWE.1.BP1,HAS_NOTE,HWE.1.BP1.NOTE.2,null,null
HWE.1.BP1,HAS_NOTE,HWE.1.BP1.NOTE.3,null,null
HWE.1.BP1,HAS_NOTE,HWE.1.BP1.NOTE.4,null,null
HWE.1.BP1,PRODUCES,17-00,null,null
HWE.1.BP1,SATISFIES,HWE.1.OUT.1,null,null
HWE.1.BP2,HAS_NOTE,HWE.1.BP2.NOTE.5,null,null
HWE.1.BP2,HAS_NOTE,HWE.1.BP2.NOTE.6,null,null
HWE.1.BP2,PRODUCES,17-54,null,null
HWE.1.BP2,SATISFIES,HWE.1.OUT.2,null,null
HWE.1.BP3,HAS_NOTE,HWE.1.BP3.NOTE.7,null,null
HWE.1.BP3,HAS_NOTE,HWE.1.BP3.NOTE.8,null,null
HWE.1.BP3,PRODUCES,15-51,null,null
HWE.1.BP3,SATISFIES,HWE.1.OUT.3,null,null
HWE.1.BP4,PRODUCES,15-51,null,null
HWE.1.BP4,SATISFIES,HWE.1.OUT.4,null,null
HWE.1.BP5,HAS_NOTE,HWE.1.BP5.NOTE.9,null,null
HWE.1.BP5,HAS_NOTE,HWE.1.BP5.NOTE.10,null,null
HWE.1.BP5,HAS_NOTE,HWE.1.BP5.NOTE.11,null,null
HWE.1.BP5,HAS_NOTE,HWE.1.BP5.NOTE.12,null,null
HWE.1.BP5,PRODUCES,13-51,null,null
HWE.1.BP5,SATISFIES,HWE.1.OUT.5,null,null
HWE.1.BP5,SATISFIES,HWE.1.OUT.6,null,null
HWE.1.BP6,PRODUCES,13-52,null,null
HWE.1.BP6,SATISFIES,HWE.1.OUT.7,null,null
HWE.2.BP1,HAS_NOTE,HWE.2.BP1.NOTE.1,null,null
HWE.2.BP1,HAS_NOTE,HWE.2.BP1.NOTE.2,null,null
HWE.2.BP1,PRODUCES,04-52,null,null
HWE.2.BP1,SATISFIES,HWE.2.OUT.1,null,null
HWE.2.BP2,HAS_NOTE,HWE.2.BP2.NOTE.3,null,null
HWE.2.BP2,HAS_NOTE,HWE.2.BP2.NOTE.4,null,null
HWE.2.BP2,PRODUCES,04-53,null,null
HWE.2.BP2,PRODUCES,04-54,null,null
HWE.2.BP2,PRODUCES,14-54,null,null
HWE.2.BP2,PRODUCES,04-55,null,null
HWE.2.BP2,PRODUCES,03-54,null,null
HWE.2.BP2,PRODUCES,04-56,null,null
HWE.2.BP2,SATISFIES,HWE.2.OUT.4,null,null
HWE.2.BP3,HAS_NOTE,HWE.2.BP3.NOTE.5,null,null
HWE.2.BP3,SATISFIES,HWE.2.OUT.1,null,null
HWE.2.BP4,HAS_NOTE,HWE.2.BP4.NOTE.6,null,null
HWE.2.BP4,HAS_NOTE,HWE.2.BP4.NOTE.7,null,null
HWE.2.BP4,PRODUCES,15-51,null,null
HWE.2.BP4,PRODUCES,17-57,null,null
HWE.2.BP4,SATISFIES,HWE.2.OUT.2,null,null
HWE.2.BP5,HAS_NOTE,HWE.2.BP5.NOTE.8,null,null
HWE.2.BP5,HAS_NOTE,HWE.2.BP5.NOTE.9,null,null
HWE.2.BP5,PRODUCES,13-51,null,null
HWE.2.BP5,SATISFIES,HWE.2.OUT.3,null,null
HWE.2.BP6,PRODUCES,13-52,null,null
HWE.2.BP6,SATISFIES,HWE.2.OUT.4,null,null
HWE.2.BP6,SATISFIES,HWE.2.OUT.5,null,null
HWE.3.BP1,HAS_NOTE,HWE.3.BP1.NOTE.1,null,null
HWE.3.BP1,HAS_NOTE,HWE.3.BP1.NOTE.2,null,null
HWE.3.BP1,PRODUCES,08-60,null,null
HWE.3.BP1,SATISFIES,HWE.3.OUT.1,null,null
HWE.3.BP2,HAS_NOTE,HWE.3.BP2.NOTE.3,null,null
HWE.3.BP3,HAS_NOTE,HWE.3.BP3.NOTE.4,null,null
HWE.3.BP3,PRODUCES,08-58,null,null
HWE.3.BP3,SATISFIES,HWE.3.OUT.2,null,null
HWE.3.BP4,CROSS_REFERENCES,SUP.9,null,null
HWE.3.BP4,HAS_NOTE,HWE.3.BP4.NOTE.5,null,null
HWE.3.BP4,PRODUCES,03-50,null,null
HWE.3.BP4,PRODUCES,15-52,null,null
HWE.3.BP4,SATISFIES,HWE.3.OUT.3,null,null
HWE.3.BP5,HAS_NOTE,HWE.3.BP5.NOTE.6,null,null
HWE.3.BP5,PRODUCES,13-51,null,null
HWE.3.BP5,SATISFIES,HWE.3.OUT.4,null,null
HWE.3.BP5,SATISFIES,HWE.3.OUT.5,null,null
HWE.3.BP6,HAS_NOTE,HWE.3.BP6.NOTE.7,null,null
HWE.3.BP6,PRODUCES,13-52,null,null
HWE.3.BP6,SATISFIES,HWE.3.OUT.6,null,null
HWE.4.BP1,HAS_NOTE,HWE.4.BP1.NOTE.1,null,null
HWE.4.BP1,PRODUCES,08-60,null,null
HWE.4.BP1,SATISFIES,HWE.4.OUT.1,null,null
HWE.4.BP2,HAS_NOTE,HWE.4.BP2.NOTE.2,null,null
HWE.4.BP3,HAS_NOTE,HWE.4.BP3.NOTE.3,null,null
HWE.4.BP3,PRODUCES,08-58,null,null
HWE.4.BP3,SATISFIES,HWE.4.OUT.2,null,null
HWE.4.BP4,CROSS_REFERENCES,SUP.9,null,null
HWE.4.BP4,HAS_NOTE,HWE.4.BP4.NOTE.4,null,null
HWE.4.BP4,PRODUCES,03-50,null,null
HWE.4.BP4,PRODUCES,15-52,null,null
HWE.4.BP4,SATISFIES,HWE.4.OUT.3,null,null
HWE.4.BP5,HAS_NOTE,HWE.4.BP5.NOTE.5,null,null
HWE.4.BP5,PRODUCES,13-51,null,null
HWE.4.BP5,SATISFIES,HWE.4.OUT.4,null,null
HWE.4.BP5,SATISFIES,HWE.4.OUT.5,null,null
HWE.4.BP6,HAS_NOTE,HWE.4.BP6.NOTE.6,null,null
HWE.4.BP6,PRODUCES,13-52,null,null
HWE.4.BP6,SATISFIES,HWE.4.OUT.6,null,null
SUP.1.BP1,HAS_NOTE,SUP.1.BP1.NOTE.1,null,null
SUP.1.BP1,PRODUCES,16-50,null,null
SUP.1.BP1,PRODUCES,18-52,null,null
SUP.1.BP1,SATISFIES,SUP.1.OUT.1,null,null
SUP.1.BP2,HAS_NOTE,SUP.1.BP2.NOTE.2,null,null
SUP.1.BP2,PRODUCES,18-07,null,null
SUP.1.BP2,SATISFIES,SUP.1.OUT.2,null,null
SUP.1.BP3,HAS_NOTE,SUP.1.BP3.NOTE.3,null,null
SUP.1.BP3,PRODUCES,13-19,null,null
SUP.1.BP3,PRODUCES,13-18,null,null
SUP.1.BP3,SATISFIES,SUP.1.OUT.3,null,null
SUP.1.BP4,HAS_NOTE,SUP.1.BP4.NOTE.4,null,null
SUP.1.BP4,PRODUCES,13-19,null,null
SUP.1.BP4,PRODUCES,13-18,null,null
SUP.1.BP4,SATISFIES,SUP.1.OUT.3,null,null
SUP.1.BP5,PRODUCES,13-52,null,null
SUP.1.BP5,SATISFIES,SUP.1.OUT.3,null,null
SUP.1.BP6,HAS_NOTE,SUP.1.BP6.NOTE.5,null,null
SUP.1.BP6,HAS_NOTE,SUP.1.BP6.NOTE.6,null,null
SUP.1.BP6,PRODUCES,14-02,null,null
SUP.1.BP6,SATISFIES,SUP.1.OUT.4,null,null
SUP.1.BP7,HAS_NOTE,SUP.1.BP7.NOTE.7,null,null
SUP.1.BP7,PRODUCES,18-52,null,null
SUP.1.BP7,SATISFIES,SUP.1.OUT.5,null,null
SUP.8.BP1,HAS_NOTE,SUP.8.BP1.NOTE.1,null,null
SUP.8.BP1,HAS_NOTE,SUP.8.BP1.NOTE.2,null,null
SUP.8.BP1,HAS_NOTE,SUP.8.BP1.NOTE.3,null,null
SUP.8.BP1,PRODUCES,18-53,null,null
SUP.8.BP1,PRODUCES,01-52,null,null
SUP.8.BP1,SATISFIES,SUP.8.OUT.1,null,null
SUP.8.BP2,HAS_NOTE,SUP.8.BP2.NOTE.4,null,null
SUP.8.BP2,HAS_NOTE,SUP.8.BP2.NOTE.5,null,null
SUP.8.BP2,HAS_NOTE,SUP.8.BP2.NOTE.6,null,null
SUP.8.BP2,PRODUCES,01-52,null,null
SUP.8.BP2,SATISFIES,SUP.8.OUT.2,null,null
SUP.8.BP3,HAS_NOTE,SUP.8.BP3.NOTE.7,null,null
SUP.8.BP3,PRODUCES,01-52,null,null
SUP.8.BP3,PRODUCES,16-03,null,null
SUP.8.BP3,SATISFIES,SUP.8.OUT.3,null,null
SUP.8.BP4,HAS_NOTE,SUP.8.BP4.NOTE.8,null,null
SUP.8.BP4,PRODUCES,16-03,null,null
SUP.8.BP4,PRODUCES,14-01,null,null
SUP.8.BP4,SATISFIES,SUP.8.OUT.4,null,null
SUP.8.BP5,PRODUCES,13-08,null,null
SUP.8.BP5,PRODUCES,16-03,null,null
SUP.8.BP5,SATISFIES,SUP.8.OUT.5,null,null
SUP.8.BP6,HAS_NOTE,SUP.8.BP6.NOTE.9,null,null
SUP.8.BP6,PRODUCES,14-01,null,null
SUP.8.BP6,PRODUCES,15-56,null,null
SUP.8.BP6,SATISFIES,SUP.8.OUT.6,null,null
SUP.8.BP7,HAS_NOTE,SUP.8.BP7.NOTE.10,null,null
SUP.8.BP7,PRODUCES,13-51,null,null
SUP.8.BP7,PRODUCES,13-08,null,null
SUP.8.BP7,PRODUCES,14-01,null,null
SUP.8.BP7,SATISFIES,SUP.8.OUT.7,null,null
SUP.8.BP8,HAS_NOTE,SUP.8.BP8.NOTE.11,null,null
SUP.8.BP8,PRODUCES,06-52,null,null
SUP.8.BP8,SATISFIES,SUP.8.OUT.8,null,null
SUP.9.BP1,CROSS_REFERENCES,SUP.10,null,null
SUP.9.BP1,HAS_NOTE,SUP.9.BP1.NOTE.1,null,null
SUP.9.BP1,HAS_NOTE,SUP.9.BP1.NOTE.2,null,null
SUP.9.BP1,HAS_NOTE,SUP.9.BP1.NOTE.3,null,null
SUP.9.BP1,HAS_NOTE,SUP.9.BP1.NOTE.4,null,null
SUP.9.BP1,PRODUCES,13-07,null,null
SUP.9.BP1,SATISFIES,SUP.9.OUT.1,null,null
SUP.9.BP2,HAS_NOTE,SUP.9.BP2.NOTE.5,null,null
SUP.9.BP2,PRODUCES,13-07,null,null
SUP.9.BP2,PRODUCES,15-55,null,null
SUP.9.BP2,SATISFIES,SUP.9.OUT.2,null,null
SUP.9.BP5,SATISFIES,SUP.9.OUT.3,null,null
SUP.9.BP6,PRODUCES,13-07,null,null
SUP.9.BP6,SATISFIES,SUP.9.OUT.4,null,null
SUP.9.BP7,HAS_NOTE,SUP.9.BP7.NOTE.6,null,null
SUP.9.BP7,PRODUCES,13-07,null,null
SUP.9.BP7,PRODUCES,15-12,null,null
SUP.9.BP7,SATISFIES,SUP.9.OUT.5,null,null
SUP.10.BP1,HAS_NOTE,SUP.10.BP1.NOTE.1,null,null
SUP.10.BP1,HAS_NOTE,SUP.10.BP1.NOTE.2,null,null
SUP.10.BP1,HAS_NOTE,SUP.10.BP1.NOTE.3,null,null
SUP.10.BP1,PRODUCES,13-16,null,null
SUP.10.BP1,SATISFIES,SUP.10.OUT.1,null,null
SUP.10.BP2,HAS_NOTE,SUP.10.BP2.NOTE.4,null,null
SUP.10.BP2,PRODUCES,13-16,null,null
SUP.10.BP2,PRODUCES,18-57,null,null
SUP.10.BP2,SATISFIES,SUP.10.OUT.2,null,null
SUP.10.BP3,HAS_NOTE,SUP.10.BP3.NOTE.5,null,null
SUP.10.BP3,HAS_NOTE,SUP.10.BP3.NOTE.6,null,null
SUP.10.BP3,PRODUCES,13-16,null,null
SUP.10.BP3,SATISFIES,SUP.10.OUT.3,null,null
SUP.10.BP4,PRODUCES,13-51,null,null
SUP.10.BP4,SATISFIES,SUP.10.OUT.4,null,null
SUP.10.BP5,PRODUCES,13-16,null,null
SUP.10.BP5,SATISFIES,SUP.10.OUT.5,null,null
SUP.10.BP6,HAS_NOTE,SUP.10.BP6.NOTE.7,null,null
SUP.10.BP6,PRODUCES,13-16,null,null
SUP.10.BP6,SATISFIES,SUP.10.OUT.6,null,null
SUP.11.BP1,HAS_NOTE,SUP.11.BP1.NOTE.1,null,null
SUP.11.BP1,PRODUCES,16-52,null,null
SUP.11.BP1,SATISFIES,SUP.11.OUT.1,null,null
SUP.11.BP2,CROSS_REFERENCES,MLE.3,null,null
SUP.11.BP2,CROSS_REFERENCES,MLE.4,null,null
SUP.11.BP2,HAS_NOTE,SUP.11.BP2.NOTE.2,null,null
SUP.11.BP2,HAS_NOTE,SUP.11.BP2.NOTE.3,null,null
SUP.11.BP2,HAS_NOTE,SUP.11.BP2.NOTE.4,null,null
SUP.11.BP2,HAS_NOTE,SUP.11.BP2.NOTE.5,null,null
SUP.11.BP2,PRODUCES,19-50,null,null
SUP.11.BP2,SATISFIES,SUP.11.OUT.2,null,null
SUP.11.BP3,HAS_NOTE,SUP.11.BP3.NOTE.6,null,null
SUP.11.BP3,HAS_NOTE,SUP.11.BP3.NOTE.7,null,null
SUP.11.BP3,PRODUCES,03-53,null,null
SUP.11.BP3,SATISFIES,SUP.11.OUT.3,null,null
SUP.11.BP4,PRODUCES,03-53,null,null
SUP.11.BP4,SATISFIES,SUP.11.OUT.4,null,null
SUP.11.BP5,HAS_NOTE,SUP.11.BP5.NOTE.8,null,null
SUP.11.BP5,SATISFIES,SUP.11.OUT.4,null,null
SUP.11.BP6,PRODUCES,13-52,null,null
SUP.11.BP6,SATISFIES,SUP.11.OUT.5,null,null
MAN.3.BP1,PRODUCES,08-53,null,null
MAN.3.BP1,SATISFIES,MAN.3.OUT.1,null,null
MAN.3.BP2,HAS_NOTE,MAN.3.BP2.NOTE.1,null,null
MAN.3.BP2,SATISFIES,MAN.3.OUT.1,null,null
MAN.3.BP2,SATISFIES,MAN.3.OUT.5,null,null
MAN.3.BP3,HAS_NOTE,MAN.3.BP3.NOTE.2,null,null
MAN.3.BP3,PRODUCES,08-54,null,null
MAN.3.BP3,SATISFIES,MAN.3.OUT.2,null,null
MAN.3.BP4,HAS_NOTE,MAN.3.BP4.NOTE.3,null,null
MAN.3.BP4,HAS_NOTE,MAN.3.BP4.NOTE.4,null,null
MAN.3.BP4,PRODUCES,14-10,null,null
MAN.3.BP4,SATISFIES,MAN.3.OUT.3,null,null
MAN.3.BP4,SATISFIES,MAN.3.OUT.5,null,null
MAN.3.BP4,SATISFIES,MAN.3.OUT.6,null,null
MAN.3.BP5,HAS_NOTE,MAN.3.BP5.NOTE.5,null,null
MAN.3.BP5,HAS_NOTE,MAN.3.BP5.NOTE.6,null,null
MAN.3.BP5,SATISFIES,MAN.3.OUT.3,null,null
MAN.3.BP5,SATISFIES,MAN.3.OUT.5,null,null
MAN.3.BP6,HAS_NOTE,MAN.3.BP6.NOTE.7,null,null
MAN.3.BP6,SATISFIES,MAN.3.OUT.3,null,null
MAN.3.BP7,HAS_NOTE,MAN.3.BP7.NOTE.8,null,null
MAN.3.BP7,PRODUCES,13-52,null,null
MAN.3.BP7,PRODUCES,14-50,null,null
MAN.3.BP7,PRODUCES,18-52,null,null
MAN.3.BP7,SATISFIES,MAN.3.OUT.4,null,null
MAN.3.BP7,SATISFIES,MAN.3.OUT.5,null,null
MAN.3.BP8,PRODUCES,08-56,null,null
MAN.3.BP8,SATISFIES,MAN.3.OUT.5,null,null
MAN.3.BP9,HAS_NOTE,MAN.3.BP9.NOTE.9,null,null
MAN.3.BP9,PRODUCES,13-51,null,null
MAN.3.BP9,PRODUCES,13-16,null,null
MAN.3.BP9,SATISFIES,MAN.3.OUT.4,null,null
MAN.3.BP9,SATISFIES,MAN.3.OUT.5,null,null
MAN.3.BP9,SATISFIES,MAN.3.OUT.6,null,null
MAN.3.BP9,SATISFIES,MAN.3.OUT.7,null,null
MAN.3.BP10,HAS_NOTE,MAN.3.BP10.NOTE.10,null,null
MAN.3.BP10,PRODUCES,13-52,null,null
MAN.3.BP10,PRODUCES,14-02,null,null
MAN.3.BP10,PRODUCES,15-06,null,null
MAN.3.BP10,SATISFIES,MAN.3.OUT.6,null,null
MAN.5.BP1,HAS_NOTE,MAN.5.BP1.NOTE.1,null,null
MAN.5.BP1,HAS_NOTE,MAN.5.BP1.NOTE.2,null,null
MAN.5.BP1,HAS_NOTE,MAN.5.BP1.NOTE.3,null,null
MAN.5.BP1,PRODUCES,15-51,null,null
MAN.5.BP1,PRODUCES,15-09,null,null
MAN.5.BP1,SATISFIES,MAN.5.OUT.1,null,null
MAN.5.BP2,PRODUCES,15-51,null,null
MAN.5.BP2,PRODUCES,15-09,null,null
MAN.5.BP2,SATISFIES,MAN.5.OUT.2,null,null
MAN.5.BP3,HAS_NOTE,MAN.5.BP3.NOTE.4,null,null
MAN.5.BP3,PRODUCES,15-51,null,null
MAN.5.BP3,PRODUCES,15-09,null,null
MAN.5.BP3,SATISFIES,MAN.5.OUT.3,null,null
MAN.5.BP4,PRODUCES,08-55,null,null
MAN.5.BP4,SATISFIES,MAN.5.OUT.3,null,null
MAN.5.BP4,SATISFIES,MAN.5.OUT.4,null,null
MAN.5.BP5,PRODUCES,08-55,null,null
MAN.5.BP5,SATISFIES,MAN.5.OUT.4,null,null
MAN.5.BP5,SATISFIES,MAN.5.OUT.5,null,null
MAN.5.BP6,HAS_NOTE,MAN.5.BP6.NOTE.5,null,null
MAN.5.BP6,PRODUCES,15-51,null,null
MAN.5.BP6,PRODUCES,15-09,null,null
MAN.5.BP6,SATISFIES,MAN.5.OUT.4,null,null
MAN.5.BP7,HAS_NOTE,MAN.5.BP7.NOTE.6,null,null
MAN.5.BP7,PRODUCES,14-02,null,null
MAN.5.BP7,SATISFIES,MAN.5.OUT.5,null,null
MAN.6.BP1,HAS_NOTE,MAN.6.BP1.NOTE.1,null,null
MAN.6.BP1,HAS_NOTE,MAN.6.BP1.NOTE.2,null,null
MAN.6.BP2,HAS_NOTE,MAN.6.BP2.NOTE.3,null,null
MAN.6.BP3,HAS_NOTE,MAN.6.BP3.NOTE.4,null,null
MAN.6.BP3,PRODUCES,03-03,null,null
MAN.6.BP3,PRODUCES,03-04,null,null
MAN.6.BP3,PRODUCES,03-06,null,null
MAN.6.BP3,PRODUCES,07-51,null,null
MAN.6.BP3,SATISFIES,MAN.6.OUT.1,null,null
MAN.6.BP3,SATISFIES,MAN.6.OUT.2,null,null
MAN.6.BP4,PRODUCES,15-51,null,null
MAN.6.BP4,PRODUCES,07-51,null,null
MAN.6.BP4,SATISFIES,MAN.6.OUT.3,null,null
MAN.6.BP4,SATISFIES,MAN.6.OUT.4,null,null
MAN.6.BP5,PRODUCES,15-51,null,null
MAN.6.BP5,SATISFIES,MAN.6.OUT.3,null,null
MAN.6.BP5,SATISFIES,MAN.6.OUT.4,null,null
PIM.3.BP1,HAS_NOTE,PIM.3.BP1.NOTE.1,null,null
PIM.3.BP1,HAS_NOTE,PIM.3.BP1.NOTE.2,null,null
PIM.3.BP1,HAS_NOTE,PIM.3.BP1.NOTE.3,null,null
PIM.3.BP1,PRODUCES,02-01,null,null
PIM.3.BP1,SATISFIES,PIM.3.OUT.1,null,null
PIM.3.BP2,CROSS_REFERENCES,SUP.1,null,null
PIM.3.BP2,CROSS_REFERENCES,SUP.9,null,null
PIM.3.BP2,HAS_NOTE,PIM.3.BP2.NOTE.4,null,null
PIM.3.BP2,HAS_NOTE,PIM.3.BP2.NOTE.5,null,null
PIM.3.BP2,HAS_NOTE,PIM.3.BP2.NOTE.6,null,null
PIM.3.BP2,PRODUCES,15-51,null,null
PIM.3.BP2,PRODUCES,13-16,null,null
PIM.3.BP2,PRODUCES,15-13,null,null
PIM.3.BP2,PRODUCES,15-16,null,null
PIM.3.BP2,SATISFIES,PIM.3.OUT.2,null,null
PIM.3.BP3,HAS_NOTE,PIM.3.BP3.NOTE.7,null,null
PIM.3.BP3,PRODUCES,15-51,null,null
PIM.3.BP3,PRODUCES,15-13,null,null
PIM.3.BP3,SATISFIES,PIM.3.OUT.3,null,null
PIM.3.BP4,PRODUCES,15-16,null,null
PIM.3.BP4,SATISFIES,PIM.3.OUT.4,null,null
PIM.3.BP5,HAS_NOTE,PIM.3.BP5.NOTE.8,null,null
PIM.3.BP5,PRODUCES,07-04,null,null
PIM.3.BP5,PRODUCES,15-16,null,null
PIM.3.BP5,SATISFIES,PIM.3.OUT.4,null,null
PIM.3.BP6,HAS_NOTE,PIM.3.BP6.NOTE.9,null,null
PIM.3.BP6,HAS_NOTE,PIM.3.BP6.NOTE.10,null,null
PIM.3.BP6,PRODUCES,10-00,null,null
PIM.3.BP6,PRODUCES,06-04,null,null
PIM.3.BP6,PRODUCES,16-06,null,null
PIM.3.BP6,SATISFIES,PIM.3.OUT.4,null,null
PIM.3.BP7,PRODUCES,15-51,null,null
PIM.3.BP7,PRODUCES,06-04,null,null
PIM.3.BP7,PRODUCES,07-04,null,null
PIM.3.BP7,SATISFIES,PIM.3.OUT.5,null,null
PIM.3.BP8,PRODUCES,13-52,null,null
PIM.3.BP8,PRODUCES,15-51,null,null
PIM.3.BP8,SATISFIES,PIM.3.OUT.6,null,null
REU.2.BP1,HAS_NOTE,REU.2.BP1.NOTE.1,null,null
REU.2.BP1,PRODUCES,12-03,null,null
REU.2.BP1,SATISFIES,REU.2.OUT.1,null,null
REU.2.BP2,HAS_NOTE,REU.2.BP2.NOTE.2,null,null
REU.2.BP2,HAS_NOTE,REU.2.BP2.NOTE.3,null,null
REU.2.BP2,PRODUCES,12-03,null,null
REU.2.BP2,PRODUCES,04-02,null,null
REU.2.BP2,PRODUCES,15-07,null,null
REU.2.BP2,SATISFIES,REU.2.OUT.2,null,null
REU.2.BP3,HAS_NOTE,REU.2.BP3.NOTE.4,null,null
REU.2.BP3,PRODUCES,15-07,null,null
REU.2.BP3,SATISFIES,REU.2.OUT.3,null,null
REU.2.BP4,HAS_NOTE,REU.2.BP4.NOTE.5,null,null
REU.2.BP4,HAS_NOTE,REU.2.BP4.NOTE.6,null,null
REU.2.BP4,PRODUCES,13-53,null,null
REU.2.BP4,SATISFIES,REU.2.OUT.4,null,null
REU.2.BP5,CROSS_REFERENCES,SYS.4,null,null
REU.2.BP5,CROSS_REFERENCES,SWE.5,null,null
REU.2.BP5,CROSS_REFERENCES,HWE.3,null,null
REU.2.BP5,HAS_NOTE,REU.2.BP5.NOTE.7,null,null
REU.2.BP5,SATISFIES,REU.2.OUT.5,null,null
REU.2.BP6,HAS_NOTE,REU.2.BP6.NOTE.8,null,null
REU.2.BP6,PRODUCES,13-52,null,null
REU.2.BP6,SATISFIES,REU.2.OUT.6,null,null
GP 1.1.1,ACHIEVES,PA1.1.ACH.1,null,null
GP 2.1.1,ACHIEVES,PA2.1.ACH.1,null,null
GP 2.1.2,ACHIEVES,PA2.1.ACH.2,null,null
GP 2.1.3,ACHIEVES,PA2.1.ACH.4,null,null
GP 2.1.3,ACHIEVES,PA2.1.ACH.5,null,null
GP 2.1.4,ACHIEVES,PA2.1.ACH.6,null,null
GP 2.1.4,ACHIEVES,PA2.1.ACH.7,null,null
GP 2.1.5,ACHIEVES,PA2.1.ACH.3,null,null
GP 2.1.6,ACHIEVES,PA2.1.ACH.8,null,null
GP 2.2.1,ACHIEVES,PA2.2.ACH.1,null,null
GP 2.2.2,ACHIEVES,PA2.2.ACH.2,null,null
GP 3.1.1,ACHIEVES,PA3.1.ACH.1,null,null
GP 3.1.1,ACHIEVES,PA3.1.ACH.2,null,null
GP 3.1.1,ACHIEVES,PA3.1.ACH.3,null,null
GP 3.1.1,ACHIEVES,PA3.1.ACH.4,null,null
GP 3.1.2,ACHIEVES,PA3.1.ACH.3,null,null
GP 3.1.3,ACHIEVES,PA3.1.ACH.5,null,null
GP 3.1.4,ACHIEVES,PA3.1.ACH.6,null,null
GP 3.2.1,ACHIEVES,PA3.2.ACH.1,null,null
GP 3.2.2,ACHIEVES,PA3.2.ACH.2,null,null
GP 3.2.2,ACHIEVES,PA3.2.ACH.3,null,null
GP 3.2.3,ACHIEVES,PA3.2.ACH.4,null,null
GP 3.2.4,ACHIEVES,PA3.2.ACH.5,null,null
GP 4.1.1,ACHIEVES,PA4.1.ACH.1,null,null
GP 4.1.2,ACHIEVES,PA4.1.ACH.1,null,null
GP 4.1.3,ACHIEVES,PA4.1.ACH.2,null,null
GP 4.2.1,ACHIEVES,PA4.2.ACH.1,null,null
GP 4.2.2,ACHIEVES,PA4.2.ACH.2,null,null
GP 4.2.2,ACHIEVES,PA4.2.ACH.3,null,null
GP 4.2.3,ACHIEVES,PA4.2.ACH.4,null,null
GP 5.1.1,ACHIEVES,PA5.1.ACH.1,null,null
GP 5.1.2,ACHIEVES,PA5.1.ACH.2,null,null
GP 5.1.3,ACHIEVES,PA5.1.ACH.3,null,null
GP 5.2.1,ACHIEVES,PA5.2.ACH.1,null,null
GP 5.2.2,ACHIEVES,PA5.2.ACH.2,null,null
PA2.1.ACH.1,DEMONSTRATED_BY,18-58,null,null
PA2.1.ACH.1,DEMONSTRATED_BY,19-01,null,null
PA2.1.ACH.2,DEMONSTRATED_BY,08-56,null,null
PA2.1.ACH.2,DEMONSTRATED_BY,14-10,null,null
PA2.1.ACH.3,DEMONSTRATED_BY,08-56,null,null
PA2.1.ACH.3,DEMONSTRATED_BY,13-14,null,null
PA2.1.ACH.4,DEMONSTRATED_BY,08-61,null,null
PA2.1.ACH.4,DEMONSTRATED_BY,17-55,null,null
PA2.1.ACH.5,DEMONSTRATED_BY,08-61,null,null
PA2.1.ACH.5,DEMONSTRATED_BY,17-55,null,null
PA2.1.ACH.6,DEMONSTRATED_BY,08-61,null,null
PA2.1.ACH.7,DEMONSTRATED_BY,08-61,null,null
PA2.1.ACH.8,DEMONSTRATED_BY,13-52,null,null
PA2.1.ACH.8,DEMONSTRATED_BY,08-62,null,null
PA2.2.ACH.1,DEMONSTRATED_BY,13-08,null,null
PA2.2.ACH.1,DEMONSTRATED_BY,13-19,null,null
PA2.2.ACH.1,DEMONSTRATED_BY,17-05,null,null
PA2.2.ACH.1,DEMONSTRATED_BY,18-07,null,null
PA2.2.ACH.1,DEMONSTRATED_BY,16-03,null,null
PA2.2.ACH.1,DEMONSTRATED_BY,18-59,null,null
PA2.2.ACH.2,DEMONSTRATED_BY,17-05,null,null
PA3.1.ACH.1,DEMONSTRATED_BY,10-00,null,null
PA3.1.ACH.2,DEMONSTRATED_BY,10-00,null,null
PA3.1.ACH.3,DEMONSTRATED_BY,10-50,null,null
PA3.1.ACH.3,DEMONSTRATED_BY,10-51,null,null
PA3.1.ACH.4,DEMONSTRATED_BY,06-51,null,null
PA3.1.ACH.5,DEMONSTRATED_BY,10-52,null,null
PA3.1.ACH.6,DEMONSTRATED_BY,08-63,null,null
PA3.2.ACH.1,DEMONSTRATED_BY,10-00,null,null
PA3.2.ACH.1,DEMONSTRATED_BY,15-54,null,null
PA3.2.ACH.2,DEMONSTRATED_BY,14-53,null,null
PA3.2.ACH.3,DEMONSTRATED_BY,14-53,null,null
PA3.2.ACH.4,DEMONSTRATED_BY,13-55,null,null
PA3.2.ACH.5,DEMONSTRATED_BY,03-06,null,null
PA4.1.ACH.1,DEMONSTRATED_BY,07-61,null,null
PA4.1.ACH.1,DEMONSTRATED_BY,18-70,null,null
PA4.1.ACH.2,DEMONSTRATED_BY,07-61,null,null
PA4.1.ACH.2,DEMONSTRATED_BY,18-70,null,null
PA4.1.ACH.3,DEMONSTRATED_BY,07-62,null,null
PA4.1.ACH.4,DEMONSTRATED_BY,07-63,null,null
PA4.1.ACH.5,DEMONSTRATED_BY,07-64,null,null
PA4.2.ACH.1,DEMONSTRATED_BY,15-57,null,null
PA4.2.ACH.2,DEMONSTRATED_BY,15-57,null,null
PA4.2.ACH.3,DEMONSTRATED_BY,15-57,null,null
PA4.2.ACH.4,DEMONSTRATED_BY,08-66,null,null
PA5.1.ACH.1,DEMONSTRATED_BY,18-80,null,null
PA5.1.ACH.2,DEMONSTRATED_BY,15-58,null,null
PA5.1.ACH.2,DEMONSTRATED_BY,18-80,null,null
PA5.2.ACH.2,DEMONSTRATED_BY,08-66,null,null
PA5.2.ACH.2,DEMONSTRATED_BY,18-81,null,null
PA5.2.ACH.3,DEMONSTRATED_BY,08-66,null,null
PA5.2.ACH.3,DEMONSTRATED_BY,18-81,null,null
ACQ.2.BP1,HAS_NOTE,ACQ.2.BP1.NOTE.1,null,null
ACQ.2.BP1,PRODUCES,18-50,null,null
ACQ.2.BP1,SATISFIES,ACQ.2.OUT.1,null,null
ACQ.2.BP2,HAS_NOTE,ACQ.2.BP2.NOTE.2,null,null
ACQ.2.BP2,PRODUCES,15-21,null,null
ACQ.2.BP2,PRODUCES,18-50,null,null
ACQ.2.BP2,SATISFIES,ACQ.2.OUT.2,null,null
ACQ.2.BP3,PRODUCES,12-01,null,null
ACQ.2.BP3,PRODUCES,14-02,null,null
ACQ.2.BP3,SATISFIES,ACQ.2.OUT.3,null,null
ACQ.2.BP4,HAS_NOTE,ACQ.2.BP4.NOTE.3,null,null
ACQ.2.BP4,HAS_NOTE,ACQ.2.BP4.NOTE.4,null,null
ACQ.2.BP4,PRODUCES,02-01,null,null
ACQ.2.BP4,PRODUCES,08-55,null,null
ACQ.2.BP4,PRODUCES,02-50,null,null
ACQ.2.BP4,PRODUCES,14-02,null,null
ACQ.2.BP4,SATISFIES,ACQ.2.OUT.4,null,null
MAN.7.BP1,HAS_NOTE,MAN.7.BP1.NOTE.1,null,null
MAN.7.BP1,HAS_NOTE,MAN.7.BP1.NOTE.2,null,null
MAN.7.BP1,HAS_NOTE,MAN.7.BP1.NOTE.3,null,null
MAN.7.BP1,PRODUCES,08-55,null,null
MAN.7.BP1,PRODUCES,15-51,null,null
MAN.7.BP1,SATISFIES,MAN.7.OUT.1,null,null
MAN.7.BP1,SATISFIES,MAN.7.OUT.2,null,null
MAN.7.BP2,PRODUCES,15-51,null,null
MAN.7.BP2,PRODUCES,17-53,null,null
MAN.7.BP2,SATISFIES,MAN.7.OUT.2,null,null
MAN.7.BP3,HAS_NOTE,MAN.7.BP3.NOTE.4,null,null
MAN.7.BP3,PRODUCES,15-51,null,null
MAN.7.BP3,SATISFIES,MAN.7.OUT.3,null,null
MAN.7.BP4,PRODUCES,08-55,null,null
MAN.7.BP4,PRODUCES,15-09,null,null
MAN.7.BP4,SATISFIES,MAN.7.OUT.4,null,null
MAN.7.BP4,SATISFIES,MAN.7.OUT.5,null,null
MAN.7.BP5,PRODUCES,08-55,null,null
MAN.7.BP5,SATISFIES,MAN.7.OUT.4,null,null
MAN.7.BP5,SATISFIES,MAN.7.OUT.5,null,null
MAN.7.BP6,HAS_NOTE,MAN.7.BP6.NOTE.5,null,null
MAN.7.BP6,PRODUCES,15-09,null,null
MAN.7.BP6,PRODUCES,14-02,null,null
MAN.7.BP6,SATISFIES,MAN.7.OUT.4,null,null
MAN.7.BP7,HAS_NOTE,MAN.7.BP7.NOTE.6,null,null
MAN.7.BP7,PRODUCES,14-02,null,null
MAN.7.BP7,SATISFIES,MAN.7.OUT.5,null,null
SEC.1.BP1,HAS_NOTE,SEC.1.BP1.NOTE.1,null,null
SEC.1.BP1,HAS_NOTE,SEC.1.BP1.NOTE.2,null,null
SEC.1.BP1,HAS_NOTE,SEC.1.BP1.NOTE.3,null,null
SEC.1.BP1,HAS_NOTE,SEC.1.BP1.NOTE.4,null,null
SEC.1.BP1,PRODUCES,15-51,null,null
SEC.1.BP1,PRODUCES,17-00,null,null
SEC.1.BP1,PRODUCES,17-54,null,null
SEC.1.BP1,PRODUCES,17-51,null,null
SEC.1.BP1,SATISFIES,SEC.1.OUT.1,null,null
SEC.1.BP1,SATISFIES,SEC.1.OUT.2,null,null
SEC.1.BP2,PRODUCES,13-51,null,null
SEC.1.BP2,PRODUCES,15-51,null,null
SEC.1.BP2,PRODUCES,17-00,null,null
SEC.1.BP2,PRODUCES,17-54,null,null
SEC.1.BP2,SATISFIES,SEC.1.OUT.3,null,null
SEC.1.BP3,HAS_NOTE,SEC.1.BP3.NOTE.5,null,null
SEC.1.BP3,PRODUCES,13-52,null,null
SEC.1.BP3,SATISFIES,SEC.1.OUT.4,null,null
SEC.2.BP1,HAS_NOTE,SEC.2.BP1.NOTE.1,null,null
SEC.2.BP1,PRODUCES,04-04,null,null
SEC.2.BP1,PRODUCES,04-06,null,null
SEC.2.BP1,PRODUCES,04-52,null,null
SEC.2.BP1,SATISFIES,SEC.2.OUT.1,null,null
SEC.2.BP2,PRODUCES,13-51,null,null
SEC.2.BP2,SATISFIES,SEC.2.OUT.2,null,null
SEC.2.BP3,HAS_NOTE,SEC.2.BP3.NOTE.2,null,null
SEC.2.BP3,PRODUCES,17-52,null,null
SEC.2.BP3,SATISFIES,SEC.2.OUT.3,null,null
SEC.2.BP4,PRODUCES,15-50,null,null
SEC.2.BP4,SATISFIES,SEC.2.OUT.4,null,null
SEC.2.BP5,HAS_NOTE,SEC.2.BP5.NOTE.3,null,null
SEC.2.BP5,PRODUCES,04-05,null,null
SEC.2.BP5,PRODUCES,04-53,null,null
SEC.2.BP5,SATISFIES,SEC.2.OUT.5,null,null
SEC.2.BP6,PRODUCES,13-51,null,null
SEC.2.BP6,SATISFIES,SEC.2.OUT.6,null,null
SEC.2.BP7,HAS_NOTE,SEC.2.BP7.NOTE.4,null,null
SEC.2.BP7,PRODUCES,13-52,null,null
SEC.2.BP7,SATISFIES,SEC.2.OUT.7,null,null
SEC.3.BP1,HAS_NOTE,SEC.3.BP1.NOTE.1,null,null
SEC.3.BP1,HAS_NOTE,SEC.3.BP1.NOTE.2,null,null
SEC.3.BP1,HAS_NOTE,SEC.3.BP1.NOTE.3,null,null
SEC.3.BP1,HAS_NOTE,SEC.3.BP1.NOTE.4,null,null
SEC.3.BP1,HAS_NOTE,SEC.3.BP1.NOTE.5,null,null
SEC.3.BP1,PRODUCES,08-60,null,null
SEC.3.BP1,SATISFIES,SEC.3.OUT.1,null,null
SEC.3.BP2,HAS_NOTE,SEC.3.BP2.NOTE.6,null,null
SEC.3.BP2,PRODUCES,08-58,null,null
SEC.3.BP2,SATISFIES,SEC.3.OUT.2,null,null
SEC.3.BP3,CROSS_REFERENCES,SUP.9,null,null
SEC.3.BP3,HAS_NOTE,SEC.3.BP3.NOTE.7,null,null
SEC.3.BP3,PRODUCES,03-50,null,null
SEC.3.BP3,PRODUCES,15-52,null,null
SEC.3.BP3,SATISFIES,SEC.3.OUT.3,null,null
SEC.3.BP4,HAS_NOTE,SEC.3.BP4.NOTE.8,null,null
SEC.3.BP4,PRODUCES,13-51,null,null
SEC.3.BP4,SATISFIES,SEC.3.OUT.4,null,null
SEC.3.BP5,HAS_NOTE,SEC.3.BP5.NOTE.9,null,null
SEC.3.BP5,PRODUCES,13-52,null,null
SEC.3.BP5,SATISFIES,SEC.3.OUT.5,null,null
SEC.4.BP1,HAS_NOTE,SEC.4.BP1.NOTE.1,null,null
SEC.4.BP1,HAS_NOTE,SEC.4.BP1.NOTE.2,null,null
SEC.4.BP1,PRODUCES,08-59,null,null
SEC.4.BP1,SATISFIES,SEC.4.OUT.1,null,null
SEC.4.BP2,PRODUCES,08-57,null,null
SEC.4.BP2,SATISFIES,SEC.4.OUT.2,null,null
SEC.4.BP3,CROSS_REFERENCES,SUP.9,null,null
SEC.4.BP3,HAS_NOTE,SEC.4.BP3.NOTE.3,null,null
SEC.4.BP3,PRODUCES,03-55,null,null
SEC.4.BP3,PRODUCES,13-24,null,null
SEC.4.BP3,SATISFIES,SEC.4.OUT.3,null,null
SEC.4.BP4,HAS_NOTE,SEC.4.BP4.NOTE.4,null,null
SEC.4.BP4,PRODUCES,13-51,null,null
SEC.4.BP4,SATISFIES,SEC.4.OUT.4,null,null
SEC.4.BP5,HAS_NOTE,SEC.4.BP5.NOTE.5,null,null
SEC.4.BP5,PRODUCES,13-52,null,null
SEC.4.BP5,SATISFIES,SEC.4.OUT.5,null,null
null,NEXT,null,null,null
06864b6aa6b7f312e26d14a60833c552,LAST_MESSAGE,null,null,null
null,HAS_SESSION,06864b6aa6b7f312e26d14a60833c552,null,null